/*******************************************************************************
 * Size: 18 px
 * Bpp: 4
 * Opts: --bpp 4 --size 18 --font D:/Workspace/Freelancer/AIR-MONITOR/esp32s3-air-mon-SLS/assets/Fonts/Poppins-Regular.ttf -o D:/Workspace/Freelancer/AIR-MONITOR/esp32s3-air-mon-SLS/assets/Fonts\ui_font_Poppins_Regular_18.c --format lvgl -r 0x0020-0x024F --no-compress --no-prefilter
 ******************************************************************************/

#include "../ui.h"

#ifndef UI_FONT_POPPINS_REGULAR_18
#define UI_FONT_POPPINS_REGULAR_18 1
#endif

#if UI_FONT_POPPINS_REGULAR_18

/*-----------------
 *    BITMAPS
 *----------------*/

/*Store the image of the glyphs*/
static LV_ATTRIBUTE_LARGE_CONST const uint8_t glyph_bitmap[] = {
    /* U+0020 " " */

    /* U+0021 "!" */
    0x3f, 0x83, 0xf7, 0x3f, 0x72, 0xf6, 0x2f, 0x62,
    0xf6, 0x1f, 0x51, 0xf5, 0x1f, 0x40, 0x0, 0x2,
    0x4, 0xfa, 0x3e, 0x80,

    /* U+0022 "\"" */
    0x39, 0x18, 0x55, 0xf1, 0xe8, 0x4f, 0xd, 0x73,
    0xf0, 0xc6,

    /* U+0023 "#" */
    0x0, 0x0, 0xa, 0xe0, 0x0, 0x4f, 0x40, 0x0,
    0x0, 0x0, 0xea, 0x0, 0x8, 0xf0, 0x0, 0x0,
    0x0, 0x2f, 0x60, 0x0, 0xcc, 0x0, 0x0, 0x6f,
    0xff, 0xff, 0xff, 0xff, 0xff, 0xf2, 0x2, 0x77,
    0xcf, 0x77, 0x79, 0xf9, 0x77, 0x0, 0x0, 0xc,
    0xc0, 0x0, 0x7f, 0x10, 0x0, 0x0, 0x0, 0xf9,
    0x0, 0xa, 0xe0, 0x0, 0x0, 0x22, 0x4f, 0x72,
    0x22, 0xdc, 0x22, 0x0, 0x6f, 0xff, 0xff, 0xff,
    0xff, 0xff, 0xf2, 0x2, 0x55, 0xcf, 0x55, 0x58,
    0xf7, 0x55, 0x0, 0x0, 0xd, 0xb0, 0x0, 0x7f,
    0x10, 0x0, 0x0, 0x0, 0xf8, 0x0, 0xb, 0xd0,
    0x0, 0x0, 0x0, 0x4f, 0x50, 0x0, 0xea, 0x0,
    0x0, 0x0,

    /* U+0024 "$" */
    0x0, 0x3, 0xc0, 0x0, 0x0, 0x4c, 0xff, 0xd7,
    0x0, 0x4f, 0xc8, 0xda, 0xfa, 0xc, 0xe0, 0x3c,
    0xb, 0xf2, 0xec, 0x3, 0xc0, 0x13, 0x1c, 0xf2,
    0x3c, 0x0, 0x0, 0x4f, 0xfa, 0xc0, 0x0, 0x0,
    0x2a, 0xef, 0xe9, 0x10, 0x0, 0x3, 0xd9, 0xfd,
    0x0, 0x0, 0x3c, 0x7, 0xf5, 0x56, 0x3, 0xc0,
    0x3f, 0x7c, 0xf2, 0x3c, 0x7, 0xf4, 0x4f, 0xe9,
    0xd8, 0xfc, 0x0, 0x3b, 0xff, 0xe9, 0x0, 0x0,
    0x3, 0xc0, 0x0, 0x0, 0x0, 0x16, 0x0, 0x0,

    /* U+0025 "%" */
    0x3, 0xcf, 0xb1, 0x0, 0xa, 0xe0, 0x0, 0xe8,
    0xb, 0xa0, 0x3, 0xf6, 0x0, 0x2f, 0x10, 0x5f,
    0x0, 0xcd, 0x0, 0x2, 0xf1, 0x5, 0xe0, 0x5f,
    0x40, 0x0, 0xe, 0x80, 0xba, 0xd, 0xb0, 0x0,
    0x0, 0x3c, 0xfb, 0x17, 0xf3, 0x0, 0x0, 0x0,
    0x0, 0x1, 0xe9, 0x0, 0x0, 0x0, 0x0, 0x0,
    0x9f, 0x10, 0x0, 0x0, 0x0, 0x0, 0x2f, 0x80,
    0x4c, 0xd9, 0x10, 0x0, 0xa, 0xe0, 0x1f, 0x62,
    0xca, 0x0, 0x3, 0xf6, 0x4, 0xf0, 0x7, 0xd0,
    0x0, 0xcd, 0x0, 0x2f, 0x20, 0xaa, 0x0, 0x5f,
    0x40, 0x0, 0x5d, 0xdb, 0x10,

    /* U+0026 "&" */
    0x0, 0x3, 0xcf, 0xe9, 0x0, 0x0, 0x0, 0x0,
    0x2f, 0xd6, 0x9f, 0x90, 0x0, 0x0, 0x0, 0x6f,
    0x30, 0xb, 0xd0, 0x0, 0x0, 0x0, 0x5f, 0x50,
    0x0, 0x0, 0x0, 0x0, 0x0, 0xe, 0xe1, 0x0,
    0x0, 0x0, 0x0, 0x0, 0x1b, 0xfd, 0x10, 0x0,
    0x0, 0x0, 0x3, 0xfe, 0x8f, 0xd1, 0x0, 0x5b,
    0x30, 0xe, 0xd1, 0x4, 0xfd, 0x10, 0xec, 0x0,
    0x3f, 0x60, 0x0, 0x4f, 0xd9, 0xf3, 0x0, 0x4f,
    0x50, 0x0, 0x4, 0xff, 0x90, 0x0, 0x1f, 0xc0,
    0x0, 0x4, 0xff, 0xc0, 0x0, 0x8, 0xfd, 0x77,
    0xaf, 0xd6, 0xfb, 0x0, 0x0, 0x5c, 0xff, 0xd7,
    0x0, 0x6f, 0xa0,

    /* U+0027 "'" */
    0x39, 0x14, 0xf2, 0x3f, 0x12, 0xf0,

    /* U+0028 "(" */
    0x0, 0x0, 0x8f, 0x40, 0x0, 0x6f, 0x60, 0x0,
    0x1f, 0xa0, 0x0, 0x9, 0xf2, 0x0, 0x1, 0xfa,
    0x0, 0x0, 0x6f, 0x40, 0x0, 0xa, 0xf0, 0x0,
    0x0, 0xdc, 0x0, 0x0, 0xf, 0xa0, 0x0, 0x0,
    0xf8, 0x0, 0x0, 0xf, 0x90, 0x0, 0x0, 0xfa,
    0x0, 0x0, 0xd, 0xb0, 0x0, 0x0, 0xbe, 0x0,
    0x0, 0x6, 0xf3, 0x0, 0x0, 0x2f, 0x80, 0x0,
    0x0, 0xbf, 0x10, 0x0, 0x3, 0xf8, 0x0, 0x0,
    0x9, 0xf4, 0x0, 0x0, 0xc, 0xe1,

    /* U+0029 ")" */
    0x2f, 0xb0, 0x0, 0x0, 0x4f, 0x90, 0x0, 0x0,
    0x8f, 0x30, 0x0, 0x0, 0xeb, 0x0, 0x0, 0x7,
    0xf3, 0x0, 0x0, 0x1f, 0x80, 0x0, 0x0, 0xdd,
    0x0, 0x0, 0x9, 0xf0, 0x0, 0x0, 0x7f, 0x20,
    0x0, 0x6, 0xf3, 0x0, 0x0, 0x6f, 0x30, 0x0,
    0x7, 0xf1, 0x0, 0x0, 0x9f, 0x0, 0x0, 0xc,
    0xd0, 0x0, 0x1, 0xf9, 0x0, 0x0, 0x6f, 0x50,
    0x0, 0xd, 0xd0, 0x0, 0x5, 0xf6, 0x0, 0x2,
    0xec, 0x0, 0x0, 0xde, 0x10, 0x0,

    /* U+002A "*" */
    0x0, 0x3f, 0x0, 0x6, 0x52, 0xe0, 0x82, 0x6e,
    0xae, 0xcc, 0x30, 0x3d, 0xfa, 0x10, 0x9f, 0x6d,
    0x8f, 0x53, 0x22, 0xe0, 0x41, 0x0, 0x2b, 0x0,
    0x0,

    /* U+002B "+" */
    0x0, 0x0, 0x12, 0x0, 0x0, 0x0, 0x0, 0xae,
    0x0, 0x0, 0x0, 0x0, 0xae, 0x0, 0x0, 0x0,
    0x0, 0xae, 0x0, 0x0, 0x1, 0x11, 0xae, 0x11,
    0x11, 0x7f, 0xff, 0xff, 0xff, 0xfc, 0x14, 0x44,
    0xbe, 0x44, 0x43, 0x0, 0x0, 0xae, 0x0, 0x0,
    0x0, 0x0, 0xae, 0x0, 0x0, 0x0, 0x0, 0xae,
    0x0, 0x0,

    /* U+002C "," */
    0x0, 0xdd, 0x0, 0x1f, 0x70, 0x6, 0xf1, 0x0,
    0xaa, 0x0, 0xe, 0x40, 0x0,

    /* U+002D "-" */
    0x11, 0x11, 0x11, 0x10, 0xff, 0xff, 0xff, 0xf3,
    0x44, 0x44, 0x44, 0x40,

    /* U+002E "." */
    0x1, 0x11, 0xfd, 0xd, 0xb0,

    /* U+002F "/" */
    0x0, 0x0, 0x4, 0xf5, 0x0, 0x0, 0x7, 0xf2,
    0x0, 0x0, 0xb, 0xe0, 0x0, 0x0, 0xf, 0xa0,
    0x0, 0x0, 0x3f, 0x60, 0x0, 0x0, 0x7f, 0x20,
    0x0, 0x0, 0xbe, 0x0, 0x0, 0x0, 0xfa, 0x0,
    0x0, 0x3, 0xf6, 0x0, 0x0, 0x7, 0xf2, 0x0,
    0x0, 0xb, 0xe0, 0x0, 0x0, 0xf, 0xa0, 0x0,
    0x0, 0x3f, 0x60, 0x0, 0x0, 0x7f, 0x20, 0x0,
    0x0, 0xbe, 0x0, 0x0, 0x0, 0xea, 0x0, 0x0,
    0x3, 0xf6, 0x0, 0x0, 0x6, 0xf3, 0x0, 0x0,
    0xa, 0xe0, 0x0, 0x0, 0xe, 0xb0, 0x0, 0x0,

    /* U+0030 "0" */
    0x0, 0x8d, 0xfe, 0xa2, 0x0, 0xb, 0xfb, 0x8a,
    0xfe, 0x10, 0x3f, 0x80, 0x0, 0x4f, 0x80, 0x9f,
    0x10, 0x0, 0xc, 0xd0, 0xcd, 0x0, 0x0, 0x9,
    0xf0, 0xdc, 0x0, 0x0, 0x7, 0xf2, 0xeb, 0x0,
    0x0, 0x7, 0xf2, 0xdc, 0x0, 0x0, 0x7, 0xf1,
    0xbd, 0x0, 0x0, 0x9, 0xf0, 0x8f, 0x10, 0x0,
    0xc, 0xd0, 0x3f, 0x80, 0x0, 0x4f, 0x80, 0xb,
    0xfb, 0x8a, 0xfe, 0x10, 0x0, 0x8d, 0xfe, 0xa2,
    0x0,

    /* U+0031 "1" */
    0x5f, 0xff, 0x12, 0x7c, 0xf1, 0x0, 0x9f, 0x10,
    0x9, 0xf1, 0x0, 0x9f, 0x10, 0x9, 0xf1, 0x0,
    0x9f, 0x10, 0x9, 0xf1, 0x0, 0x9f, 0x10, 0x9,
    0xf1, 0x0, 0x9f, 0x10, 0x9, 0xf1, 0x0, 0x9f,
    0x10,

    /* U+0032 "2" */
    0x0, 0x2b, 0xef, 0xd6, 0x0, 0x2, 0xfe, 0x87,
    0xbf, 0x70, 0xb, 0xf2, 0x0, 0xc, 0xf0, 0xf,
    0xa0, 0x0, 0x7, 0xf2, 0x2, 0x10, 0x0, 0x8,
    0xf1, 0x0, 0x0, 0x0, 0xd, 0xd0, 0x0, 0x0,
    0x0, 0x6f, 0x60, 0x0, 0x0, 0x3, 0xfb, 0x0,
    0x0, 0x0, 0x3e, 0xd1, 0x0, 0x0, 0x4, 0xfc,
    0x10, 0x0, 0x0, 0x6f, 0xb0, 0x0, 0x0, 0x9,
    0xfd, 0x55, 0x55, 0x53, 0x1f, 0xff, 0xff, 0xff,
    0xf9,

    /* U+0033 "3" */
    0x0, 0x3b, 0xef, 0xd8, 0x10, 0x4, 0xfd, 0x86,
    0x9f, 0xc0, 0xc, 0xe1, 0x0, 0x8, 0xf3, 0x2,
    0x10, 0x0, 0x6, 0xf2, 0x0, 0x0, 0x12, 0x6e,
    0xa0, 0x0, 0x1, 0xff, 0xf7, 0x0, 0x0, 0x0,
    0x46, 0xbf, 0x70, 0x0, 0x0, 0x0, 0x8, 0xf2,
    0x1, 0x0, 0x0, 0x2, 0xf6, 0xf, 0x90, 0x0,
    0x2, 0xf7, 0xb, 0xf2, 0x0, 0x7, 0xf4, 0x2,
    0xfe, 0x86, 0xaf, 0xb0, 0x0, 0x2a, 0xef, 0xd8,
    0x0,

    /* U+0034 "4" */
    0x0, 0x0, 0x0, 0x5f, 0xf0, 0x0, 0x0, 0x0,
    0x1e, 0xff, 0x0, 0x0, 0x0, 0xb, 0xe9, 0xf0,
    0x0, 0x0, 0x6, 0xf4, 0x8f, 0x0, 0x0, 0x2,
    0xf9, 0x8, 0xf0, 0x0, 0x0, 0xcd, 0x0, 0x8f,
    0x0, 0x0, 0x7f, 0x30, 0x8, 0xf0, 0x0, 0x3f,
    0x80, 0x0, 0x8f, 0x0, 0xd, 0xe2, 0x11, 0x19,
    0xf1, 0x14, 0xff, 0xff, 0xff, 0xff, 0xfc, 0x14,
    0x44, 0x44, 0x4b, 0xf4, 0x30, 0x0, 0x0, 0x0,
    0xaf, 0x0, 0x0, 0x0, 0x0, 0xa, 0xf0, 0x0,

    /* U+0035 "5" */
    0x6f, 0xff, 0xff, 0xff, 0x60, 0x6f, 0x76, 0x66,
    0x66, 0x20, 0x6f, 0x10, 0x0, 0x0, 0x0, 0x6f,
    0x10, 0x0, 0x0, 0x0, 0x6f, 0x4c, 0xff, 0xe6,
    0x0, 0x6f, 0xfa, 0x56, 0xcf, 0x60, 0x6f, 0x70,
    0x0, 0xd, 0xe0, 0x1, 0x0, 0x0, 0x7, 0xf2,
    0x0, 0x0, 0x0, 0x5, 0xf3, 0x6a, 0x0, 0x0,
    0x8, 0xf1, 0x4f, 0x70, 0x0, 0xe, 0xd0, 0xa,
    0xfa, 0x67, 0xdf, 0x30, 0x0, 0x6c, 0xfe, 0xb3,
    0x0,

    /* U+0036 "6" */
    0x0, 0x5c, 0xfe, 0xb4, 0x0, 0x6, 0xfa, 0x67,
    0xcf, 0x40, 0xf, 0x80, 0x0, 0xc, 0xa0, 0x5f,
    0x0, 0x1, 0x0, 0x0, 0x8d, 0x2b, 0xff, 0xe7,
    0x0, 0xad, 0xea, 0x56, 0xcf, 0x70, 0xaf, 0x80,
    0x0, 0xc, 0xf0, 0xaf, 0x0, 0x0, 0x6, 0xf3,
    0x8f, 0x0, 0x0, 0x4, 0xf4, 0x5f, 0x20, 0x0,
    0x6, 0xf3, 0x1f, 0xa0, 0x0, 0xd, 0xe0, 0x7,
    0xfb, 0x77, 0xdf, 0x50, 0x0, 0x5c, 0xef, 0xc4,
    0x0,

    /* U+0037 "7" */
    0x6f, 0xff, 0xff, 0xff, 0xf2, 0x26, 0x66, 0x66,
    0x6c, 0xf0, 0x0, 0x0, 0x0, 0xe, 0x90, 0x0,
    0x0, 0x0, 0x5f, 0x20, 0x0, 0x0, 0x0, 0xcb,
    0x0, 0x0, 0x0, 0x3, 0xf5, 0x0, 0x0, 0x0,
    0xb, 0xe0, 0x0, 0x0, 0x0, 0x2f, 0x70, 0x0,
    0x0, 0x0, 0x9f, 0x10, 0x0, 0x0, 0x0, 0xf9,
    0x0, 0x0, 0x0, 0x7, 0xf3, 0x0, 0x0, 0x0,
    0xd, 0xc0, 0x0, 0x0, 0x0, 0x5f, 0x50, 0x0,
    0x0,

    /* U+0038 "8" */
    0x2, 0xae, 0xfe, 0xb5, 0x0, 0x2e, 0xe8, 0x67,
    0xcf, 0x60, 0x8f, 0x30, 0x0, 0xd, 0xd0, 0x8f,
    0x10, 0x0, 0xb, 0xd0, 0x1e, 0xb3, 0x2, 0x8f,
    0x50, 0x2, 0xef, 0xff, 0xf6, 0x0, 0x1e, 0xd6,
    0x45, 0xbf, 0x50, 0xae, 0x10, 0x0, 0xb, 0xf0,
    0xdb, 0x0, 0x0, 0x6, 0xf3, 0xdc, 0x0, 0x0,
    0x7, 0xf3, 0x9f, 0x30, 0x0, 0xd, 0xe0, 0x1e,
    0xf9, 0x67, 0xdf, 0x50, 0x1, 0x9d, 0xfe, 0xb3,
    0x0,

    /* U+0039 "9" */
    0x1, 0x9e, 0xfe, 0xa2, 0x0, 0xd, 0xf9, 0x68,
    0xee, 0x10, 0x6f, 0x60, 0x0, 0x1f, 0x80, 0xaf,
    0x0, 0x0, 0x9, 0xd0, 0xaf, 0x0, 0x0, 0x8,
    0xf0, 0x7f, 0x30, 0x0, 0xc, 0xf1, 0x1f, 0xe5,
    0x23, 0xae, 0xf2, 0x3, 0xdf, 0xff, 0xc6, 0xf1,
    0x0, 0x2, 0x42, 0x6, 0xf0, 0x17, 0x20, 0x0,
    0x9, 0xd0, 0xf, 0xa0, 0x0, 0x1e, 0x80, 0x8,
    0xfa, 0x67, 0xde, 0x10, 0x0, 0x6d, 0xfe, 0xa2,
    0x0,

    /* U+003A ":" */
    0xd, 0xb1, 0xfd, 0x1, 0x10, 0x0, 0x0, 0x0,
    0x0, 0x0, 0x0, 0x11, 0x1f, 0xd0, 0xdb,

    /* U+003B ";" */
    0x8, 0xe3, 0xa, 0xf4, 0x0, 0x20, 0x0, 0x0,
    0x0, 0x0, 0x0, 0x0, 0x0, 0x0, 0x2, 0x83,
    0x8, 0xf1, 0xd, 0xa0, 0x1f, 0x30, 0x6d, 0x0,
    0x11, 0x0,

    /* U+003C "<" */
    0x0, 0x0, 0x13, 0x20, 0x0, 0x1d, 0xe3, 0x0,
    0x1d, 0xe2, 0x0, 0x2e, 0xe2, 0x0, 0x2e, 0xd1,
    0x0, 0x0, 0xcf, 0x40, 0x0, 0x0, 0xbf, 0x40,
    0x0, 0x0, 0xbf, 0x50, 0x0, 0x0, 0xaf, 0x60,

    /* U+003D "=" */
    0x1, 0x11, 0x11, 0x11, 0x11, 0x3, 0xff, 0xff,
    0xff, 0xff, 0xf2, 0x4, 0x44, 0x44, 0x44, 0x44,
    0x0, 0x0, 0x0, 0x0, 0x0, 0x0, 0x1, 0x11,
    0x11, 0x11, 0x11, 0x3, 0xff, 0xff, 0xff, 0xff,
    0xf2, 0x4, 0x44, 0x44, 0x44, 0x44, 0x0,

    /* U+003E ">" */
    0x3, 0x30, 0x0, 0x0, 0x8, 0xf8, 0x0, 0x0,
    0x0, 0x7f, 0x90, 0x0, 0x0, 0x6, 0xfa, 0x0,
    0x0, 0x0, 0x5f, 0xb0, 0x0, 0x0, 0x9f, 0x70,
    0x0, 0xa, 0xf6, 0x0, 0x0, 0xbf, 0x50, 0x0,
    0xb, 0xf5, 0x0, 0x0,

    /* U+003F "?" */
    0x0, 0x8d, 0xfd, 0x91, 0x0, 0xaf, 0x96, 0x8f,
    0xd0, 0x2f, 0x70, 0x0, 0x5f, 0x62, 0x82, 0x0,
    0x0, 0xf8, 0x0, 0x0, 0x0, 0x2f, 0x70, 0x0,
    0x1, 0x5d, 0xf1, 0x0, 0x4f, 0xff, 0xb3, 0x0,
    0x4, 0xf4, 0x0, 0x0, 0x0, 0x4f, 0x30, 0x0,
    0x0, 0x0, 0x10, 0x0, 0x0, 0x0, 0x2, 0x0,
    0x0, 0x0, 0x8, 0xf6, 0x0, 0x0, 0x0, 0x6f,
    0x40, 0x0, 0x0,

    /* U+0040 "@" */
    0x0, 0x0, 0x2, 0x8c, 0xef, 0xda, 0x50, 0x0,
    0x0, 0x0, 0x9f, 0xa5, 0x32, 0x48, 0xeb, 0x10,
    0x0, 0x1c, 0xd2, 0x0, 0x0, 0x0, 0x1c, 0xb0,
    0x0, 0xbb, 0x0, 0x0, 0x0, 0x0, 0x1, 0xf5,
    0x7, 0xe1, 0x0, 0x8e, 0xfc, 0x6f, 0x20, 0xab,
    0xe, 0x70, 0xc, 0xe6, 0x49, 0xff, 0x0, 0x7d,
    0x5f, 0x10, 0x7f, 0x20, 0x0, 0xdd, 0x0, 0x6e,
    0x8d, 0x0, 0xda, 0x0, 0x0, 0xba, 0x0, 0x8c,
    0xab, 0x0, 0xf7, 0x0, 0x0, 0xe7, 0x0, 0xb9,
    0xab, 0x0, 0xf8, 0x0, 0x5, 0xf5, 0x1, 0xf3,
    0x8d, 0x0, 0xbf, 0x52, 0x6c, 0xe9, 0x2c, 0xa0,
    0x4f, 0x20, 0x1a, 0xfe, 0x91, 0x5e, 0xe8, 0x0,
    0xc, 0xd1, 0x0, 0x0, 0x0, 0x0, 0x0, 0x0,
    0x1, 0xde, 0x62, 0x0, 0x15, 0x0, 0x0, 0x0,
    0x0, 0x7, 0xdf, 0xff, 0xfb, 0x20, 0x0, 0x0,
    0x0, 0x0, 0x0, 0x21, 0x0, 0x0, 0x0, 0x0,

    /* U+0041 "A" */
    0x0, 0x0, 0x1f, 0xf2, 0x0, 0x0, 0x0, 0x0,
    0x6f, 0xf8, 0x0, 0x0, 0x0, 0x0, 0xbe, 0xde,
    0x0, 0x0, 0x0, 0x1, 0xf9, 0x7f, 0x30, 0x0,
    0x0, 0x7, 0xf4, 0x2f, 0x90, 0x0, 0x0, 0xc,
    0xe0, 0xd, 0xe0, 0x0, 0x0, 0x2f, 0x90, 0x7,
    0xf4, 0x0, 0x0, 0x7f, 0x40, 0x2, 0xf9, 0x0,
    0x0, 0xdf, 0x11, 0x11, 0xdf, 0x0, 0x3, 0xff,
    0xff, 0xff, 0xff, 0x50, 0x8, 0xf6, 0x44, 0x44,
    0x4f, 0xa0, 0xe, 0xd0, 0x0, 0x0, 0xb, 0xf0,
    0x3f, 0x80, 0x0, 0x0, 0x5, 0xf5,

    /* U+0042 "B" */
    0x9f, 0xff, 0xff, 0xb3, 0x0, 0x9f, 0x55, 0x57,
    0xef, 0x30, 0x9f, 0x0, 0x0, 0x2f, 0xb0, 0x9f,
    0x0, 0x0, 0xd, 0xd0, 0x9f, 0x0, 0x0, 0xf,
    0xa0, 0x9f, 0x11, 0x13, 0xbf, 0x30, 0x9f, 0xff,
    0xff, 0xf4, 0x0, 0x9f, 0x44, 0x45, 0xbf, 0x30,
    0x9f, 0x0, 0x0, 0xc, 0xe0, 0x9f, 0x0, 0x0,
    0x8, 0xf1, 0x9f, 0x0, 0x0, 0xc, 0xf0, 0x9f,
    0x55, 0x56, 0xbf, 0x80, 0x9f, 0xff, 0xff, 0xc6,
    0x0,

    /* U+0043 "C" */
    0x0, 0x0, 0x6c, 0xef, 0xd8, 0x10, 0x0, 0x2,
    0xdf, 0xb8, 0x7b, 0xfe, 0x30, 0x0, 0xde, 0x30,
    0x0, 0x3, 0xef, 0x20, 0x8f, 0x40, 0x0, 0x0,
    0x5, 0xd8, 0xe, 0xc0, 0x0, 0x0, 0x0, 0x0,
    0x1, 0xf8, 0x0, 0x0, 0x0, 0x0, 0x0, 0x3f,
    0x70, 0x0, 0x0, 0x0, 0x0, 0x1, 0xf8, 0x0,
    0x0, 0x0, 0x0, 0x0, 0xe, 0xc0, 0x0, 0x0,
    0x0, 0x0, 0x0, 0x8f, 0x40, 0x0, 0x0, 0x4,
    0xc8, 0x0, 0xde, 0x30, 0x0, 0x2, 0xef, 0x20,
    0x2, 0xdf, 0xb7, 0x7a, 0xff, 0x40, 0x0, 0x0,
    0x6c, 0xff, 0xd8, 0x10, 0x0,

    /* U+0044 "D" */
    0x9f, 0xff, 0xfd, 0xa5, 0x0, 0x9, 0xf5, 0x55,
    0x7b, 0xfb, 0x10, 0x9f, 0x0, 0x0, 0x4, 0xfb,
    0x9, 0xf0, 0x0, 0x0, 0x7, 0xf4, 0x9f, 0x0,
    0x0, 0x0, 0xf, 0xa9, 0xf0, 0x0, 0x0, 0x0,
    0xcd, 0x9f, 0x0, 0x0, 0x0, 0xb, 0xe9, 0xf0,
    0x0, 0x0, 0x0, 0xcd, 0x9f, 0x0, 0x0, 0x0,
    0xf, 0xa9, 0xf0, 0x0, 0x0, 0x6, 0xf5, 0x9f,
    0x0, 0x0, 0x4, 0xfb, 0x9, 0xf5, 0x55, 0x7b,
    0xfc, 0x10, 0x9f, 0xff, 0xfe, 0xb5, 0x0, 0x0,

    /* U+0045 "E" */
    0x9f, 0xff, 0xff, 0xf2, 0x9f, 0x65, 0x55, 0x50,
    0x9f, 0x0, 0x0, 0x0, 0x9f, 0x0, 0x0, 0x0,
    0x9f, 0x0, 0x0, 0x0, 0x9f, 0x11, 0x11, 0x0,
    0x9f, 0xff, 0xff, 0x90, 0x9f, 0x44, 0x44, 0x20,
    0x9f, 0x0, 0x0, 0x0, 0x9f, 0x0, 0x0, 0x0,
    0x9f, 0x0, 0x0, 0x0, 0x9f, 0x55, 0x55, 0x50,
    0x9f, 0xff, 0xff, 0xf2,

    /* U+0046 "F" */
    0x9f, 0xff, 0xff, 0xf7, 0x9f, 0x55, 0x55, 0x52,
    0x9f, 0x0, 0x0, 0x0, 0x9f, 0x0, 0x0, 0x0,
    0x9f, 0x0, 0x0, 0x0, 0x9f, 0x11, 0x11, 0x0,
    0x9f, 0xff, 0xff, 0x70, 0x9f, 0x44, 0x44, 0x10,
    0x9f, 0x0, 0x0, 0x0, 0x9f, 0x0, 0x0, 0x0,
    0x9f, 0x0, 0x0, 0x0, 0x9f, 0x0, 0x0, 0x0,
    0x9f, 0x0, 0x0, 0x0,

    /* U+0047 "G" */
    0x0, 0x0, 0x6c, 0xef, 0xc8, 0x10, 0x0, 0x0,
    0x2d, 0xfc, 0x88, 0xbf, 0xe3, 0x0, 0x0, 0xde,
    0x40, 0x0, 0x3, 0xef, 0x20, 0x8, 0xf4, 0x0,
    0x0, 0x0, 0x4c, 0x80, 0xe, 0xd0, 0x0, 0x0,
    0x0, 0x0, 0x0, 0x1f, 0x80, 0x0, 0x1, 0x11,
    0x11, 0x10, 0x3f, 0x70, 0x0, 0x8f, 0xff, 0xff,
    0xf3, 0x1f, 0x80, 0x0, 0x24, 0x44, 0x4b, 0xf2,
    0xe, 0xc0, 0x0, 0x0, 0x0, 0xd, 0xe0, 0x8,
    0xf4, 0x0, 0x0, 0x0, 0x4f, 0x80, 0x0, 0xde,
    0x40, 0x0, 0x3, 0xed, 0x10, 0x0, 0x2d, 0xfc,
    0x88, 0xbf, 0xd2, 0x0, 0x0, 0x0, 0x6c, 0xef,
    0xc7, 0x0, 0x0,

    /* U+0048 "H" */
    0x9f, 0x0, 0x0, 0x0, 0x9f, 0x9, 0xf0, 0x0,
    0x0, 0x9, 0xf0, 0x9f, 0x0, 0x0, 0x0, 0x9f,
    0x9, 0xf0, 0x0, 0x0, 0x9, 0xf0, 0x9f, 0x0,
    0x0, 0x0, 0x9f, 0x9, 0xf1, 0x11, 0x11, 0x1a,
    0xf0, 0x9f, 0xff, 0xff, 0xff, 0xff, 0x9, 0xf4,
    0x44, 0x44, 0x4b, 0xf0, 0x9f, 0x0, 0x0, 0x0,
    0x9f, 0x9, 0xf0, 0x0, 0x0, 0x9, 0xf0, 0x9f,
    0x0, 0x0, 0x0, 0x9f, 0x9, 0xf0, 0x0, 0x0,
    0x9, 0xf0, 0x9f, 0x0, 0x0, 0x0, 0x9f, 0x0,

    /* U+0049 "I" */
    0x9f, 0x9, 0xf0, 0x9f, 0x9, 0xf0, 0x9f, 0x9,
    0xf0, 0x9f, 0x9, 0xf0, 0x9f, 0x9, 0xf0, 0x9f,
    0x9, 0xf0, 0x9f, 0x0,

    /* U+004A "J" */
    0x0, 0x0, 0x0, 0xfb, 0x0, 0x0, 0x0, 0xfb,
    0x0, 0x0, 0x0, 0xfb, 0x0, 0x0, 0x0, 0xfb,
    0x0, 0x0, 0x0, 0xfb, 0x0, 0x0, 0x0, 0xfb,
    0x0, 0x0, 0x0, 0xfb, 0x0, 0x0, 0x0, 0xfb,
    0x0, 0x0, 0x0, 0xfb, 0x29, 0x30, 0x0, 0xfa,
    0x1f, 0x90, 0x2, 0xf8, 0xa, 0xfa, 0x8e, 0xf2,
    0x0, 0x8e, 0xfc, 0x30,

    /* U+004B "K" */
    0x9f, 0x0, 0x0, 0x3f, 0xc0, 0x9f, 0x0, 0x2,
    0xee, 0x10, 0x9f, 0x0, 0x1d, 0xe2, 0x0, 0x9f,
    0x0, 0xcf, 0x40, 0x0, 0x9f, 0xa, 0xf5, 0x0,
    0x0, 0x9f, 0x8f, 0x70, 0x0, 0x0, 0x9f, 0xfc,
    0x0, 0x0, 0x0, 0x9f, 0x9f, 0x70, 0x0, 0x0,
    0x9f, 0xb, 0xf5, 0x0, 0x0, 0x9f, 0x0, 0xcf,
    0x40, 0x0, 0x9f, 0x0, 0x1e, 0xf2, 0x0, 0x9f,
    0x0, 0x2, 0xfe, 0x10, 0x9f, 0x0, 0x0, 0x4f,
    0xd0,

    /* U+004C "L" */
    0x9f, 0x0, 0x0, 0x9, 0xf0, 0x0, 0x0, 0x9f,
    0x0, 0x0, 0x9, 0xf0, 0x0, 0x0, 0x9f, 0x0,
    0x0, 0x9, 0xf0, 0x0, 0x0, 0x9f, 0x0, 0x0,
    0x9, 0xf0, 0x0, 0x0, 0x9f, 0x0, 0x0, 0x9,
    0xf0, 0x0, 0x0, 0x9f, 0x0, 0x0, 0x9, 0xf5,
    0x55, 0x52, 0x9f, 0xff, 0xff, 0x60,

    /* U+004D "M" */
    0x9f, 0x50, 0x0, 0x0, 0x0, 0xd, 0xf1, 0x9f,
    0xc0, 0x0, 0x0, 0x0, 0x4f, 0xf1, 0x9f, 0xf3,
    0x0, 0x0, 0x0, 0xbf, 0xf1, 0x9f, 0xea, 0x0,
    0x0, 0x2, 0xfe, 0xf1, 0x9f, 0x7f, 0x10, 0x0,
    0x9, 0xe9, 0xf1, 0x9f, 0x1f, 0x80, 0x0, 0xf,
    0x88, 0xf1, 0x9f, 0x9, 0xe0, 0x0, 0x6f, 0x18,
    0xf1, 0x9f, 0x2, 0xf5, 0x0, 0xda, 0x8, 0xf1,
    0x9f, 0x0, 0xbc, 0x4, 0xf4, 0x8, 0xf1, 0x9f,
    0x0, 0x4f, 0x3b, 0xd0, 0x8, 0xf1, 0x9f, 0x0,
    0xd, 0xcf, 0x60, 0x8, 0xf1, 0x9f, 0x0, 0x7,
    0xfe, 0x0, 0x8, 0xf1, 0x9f, 0x0, 0x1, 0xf8,
    0x0, 0x8, 0xf1,

    /* U+004E "N" */
    0x9f, 0x50, 0x0, 0x0, 0x6f, 0x49, 0xfe, 0x10,
    0x0, 0x6, 0xf4, 0x9f, 0xf9, 0x0, 0x0, 0x6f,
    0x49, 0xf7, 0xf4, 0x0, 0x6, 0xf4, 0x9f, 0xc,
    0xd0, 0x0, 0x6f, 0x49, 0xf0, 0x2f, 0x80, 0x6,
    0xf4, 0x9f, 0x0, 0x8f, 0x30, 0x6f, 0x49, 0xf0,
    0x0, 0xdc, 0x6, 0xf4, 0x9f, 0x0, 0x4, 0xf7,
    0x6f, 0x49, 0xf0, 0x0, 0x9, 0xf8, 0xf4, 0x9f,
    0x0, 0x0, 0x1e, 0xff, 0x49, 0xf0, 0x0, 0x0,
    0x5f, 0xf4, 0x9f, 0x0, 0x0, 0x0, 0xbf, 0x40,

    /* U+004F "O" */
    0x0, 0x0, 0x6c, 0xef, 0xd7, 0x10, 0x0, 0x0,
    0x2d, 0xfb, 0x77, 0xaf, 0xe3, 0x0, 0x0, 0xde,
    0x30, 0x0, 0x2, 0xde, 0x10, 0x8, 0xf4, 0x0,
    0x0, 0x0, 0x2f, 0xa0, 0xe, 0xc0, 0x0, 0x0,
    0x0, 0xa, 0xf1, 0x1f, 0x80, 0x0, 0x0, 0x0,
    0x6, 0xf4, 0x3f, 0x70, 0x0, 0x0, 0x0, 0x5,
    0xf5, 0x1f, 0x80, 0x0, 0x0, 0x0, 0x6, 0xf4,
    0xe, 0xc0, 0x0, 0x0, 0x0, 0xa, 0xf1, 0x8,
    0xf4, 0x0, 0x0, 0x0, 0x2f, 0xa0, 0x0, 0xde,
    0x30, 0x0, 0x2, 0xdf, 0x20, 0x0, 0x2d, 0xfb,
    0x77, 0xaf, 0xe3, 0x0, 0x0, 0x0, 0x6c, 0xef,
    0xd7, 0x10, 0x0,

    /* U+0050 "P" */
    0x9f, 0xff, 0xfe, 0x91, 0x9, 0xf5, 0x55, 0x8f,
    0xd1, 0x9f, 0x0, 0x0, 0x5f, 0x79, 0xf0, 0x0,
    0x0, 0xfb, 0x9f, 0x0, 0x0, 0xf, 0xc9, 0xf0,
    0x0, 0x3, 0xf9, 0x9f, 0x11, 0x14, 0xdf, 0x29,
    0xff, 0xff, 0xfe, 0x40, 0x9f, 0x44, 0x42, 0x0,
    0x9, 0xf0, 0x0, 0x0, 0x0, 0x9f, 0x0, 0x0,
    0x0, 0x9, 0xf0, 0x0, 0x0, 0x0, 0x9f, 0x0,
    0x0, 0x0, 0x0,

    /* U+0051 "Q" */
    0x0, 0x0, 0x6c, 0xef, 0xd7, 0x10, 0x0, 0x0,
    0x2d, 0xfb, 0x77, 0xaf, 0xe3, 0x0, 0x0, 0xde,
    0x30, 0x0, 0x2, 0xde, 0x10, 0x8, 0xf4, 0x0,
    0x0, 0x0, 0x2f, 0xa0, 0xe, 0xc0, 0x0, 0x0,
    0x0, 0xa, 0xf1, 0x1f, 0x80, 0x0, 0x0, 0x0,
    0x6, 0xf4, 0x3f, 0x70, 0x0, 0x0, 0x0, 0x5,
    0xf5, 0x1f, 0x80, 0x0, 0x0, 0x0, 0x6, 0xf4,
    0xe, 0xc0, 0x0, 0x0, 0x0, 0xa, 0xf1, 0x8,
    0xf4, 0x0, 0x0, 0x0, 0x2f, 0xa0, 0x0, 0xde,
    0x30, 0x0, 0x2, 0xdf, 0x20, 0x0, 0x2d, 0xfb,
    0x77, 0xaf, 0xe3, 0x0, 0x0, 0x0, 0x6c, 0xef,
    0xcf, 0xc1, 0x0, 0x0, 0x0, 0x0, 0x0, 0x4,
    0xfd, 0x10, 0x0, 0x0, 0x0, 0x0, 0x0, 0x3e,
    0xe2,

    /* U+0052 "R" */
    0x9f, 0xff, 0xfe, 0x91, 0x9, 0xf5, 0x55, 0x8f,
    0xd0, 0x9f, 0x0, 0x0, 0x5f, 0x79, 0xf0, 0x0,
    0x0, 0xfb, 0x9f, 0x0, 0x0, 0xf, 0xb9, 0xf0,
    0x0, 0x3, 0xf8, 0x9f, 0x11, 0x14, 0xdf, 0x29,
    0xff, 0xff, 0xfd, 0x30, 0x9f, 0x44, 0xdf, 0x10,
    0x9, 0xf0, 0x3, 0xfa, 0x0, 0x9f, 0x0, 0x9,
    0xf5, 0x9, 0xf0, 0x0, 0xe, 0xe1, 0x9f, 0x0,
    0x0, 0x5f, 0xa0,

    /* U+0053 "S" */
    0x3, 0xbe, 0xfd, 0x70, 0x3, 0xfe, 0x77, 0xcf,
    0xa0, 0xbf, 0x10, 0x0, 0xbf, 0x2e, 0xc0, 0x0,
    0x1, 0x41, 0xcf, 0x30, 0x0, 0x0, 0x4, 0xff,
    0x94, 0x0, 0x0, 0x3, 0xaf, 0xff, 0x91, 0x0,
    0x0, 0x4, 0xaf, 0xe0, 0x0, 0x0, 0x0, 0x7f,
    0x67, 0x60, 0x0, 0x2, 0xf8, 0xcf, 0x20, 0x0,
    0x6f, 0x53, 0xfe, 0x86, 0x9f, 0xc0, 0x3, 0xae,
    0xfd, 0x80, 0x0,

    /* U+0054 "T" */
    0x6f, 0xff, 0xff, 0xff, 0xf1, 0x25, 0x55, 0xfc,
    0x55, 0x50, 0x0, 0x0, 0xfb, 0x0, 0x0, 0x0,
    0x0, 0xfb, 0x0, 0x0, 0x0, 0x0, 0xfb, 0x0,
    0x0, 0x0, 0x0, 0xfb, 0x0, 0x0, 0x0, 0x0,
    0xfb, 0x0, 0x0, 0x0, 0x0, 0xfb, 0x0, 0x0,
    0x0, 0x0, 0xfb, 0x0, 0x0, 0x0, 0x0, 0xfb,
    0x0, 0x0, 0x0, 0x0, 0xfb, 0x0, 0x0, 0x0,
    0x0, 0xfb, 0x0, 0x0, 0x0, 0x0, 0xfb, 0x0,
    0x0,

    /* U+0055 "U" */
    0xaf, 0x0, 0x0, 0x0, 0xdc, 0xaf, 0x0, 0x0,
    0x0, 0xdc, 0xaf, 0x0, 0x0, 0x0, 0xdc, 0xaf,
    0x0, 0x0, 0x0, 0xdc, 0xaf, 0x0, 0x0, 0x0,
    0xdc, 0xaf, 0x0, 0x0, 0x0, 0xdc, 0xaf, 0x0,
    0x0, 0x0, 0xdc, 0xaf, 0x0, 0x0, 0x0, 0xdc,
    0x9f, 0x0, 0x0, 0x0, 0xec, 0x7f, 0x20, 0x0,
    0x0, 0xfa, 0x2f, 0xa0, 0x0, 0x8, 0xf4, 0x8,
    0xfd, 0x88, 0xcf, 0xa0, 0x0, 0x5c, 0xff, 0xc6,
    0x0,

    /* U+0056 "V" */
    0x6f, 0x50, 0x0, 0x0, 0x2, 0xf9, 0x1f, 0xa0,
    0x0, 0x0, 0x8, 0xf3, 0xb, 0xf0, 0x0, 0x0,
    0xd, 0xd0, 0x5, 0xf5, 0x0, 0x0, 0x3f, 0x70,
    0x0, 0xfb, 0x0, 0x0, 0x8f, 0x10, 0x0, 0x9f,
    0x10, 0x0, 0xeb, 0x0, 0x0, 0x3f, 0x60, 0x4,
    0xf6, 0x0, 0x0, 0xd, 0xc0, 0x9, 0xf0, 0x0,
    0x0, 0x8, 0xf2, 0xf, 0xa0, 0x0, 0x0, 0x2,
    0xf7, 0x5f, 0x40, 0x0, 0x0, 0x0, 0xcd, 0xae,
    0x0, 0x0, 0x0, 0x0, 0x6f, 0xf8, 0x0, 0x0,
    0x0, 0x0, 0x1f, 0xf3, 0x0, 0x0,

    /* U+0057 "W" */
    0x7f, 0x40, 0x0, 0x3, 0xfe, 0x0, 0x0, 0xb,
    0xf0, 0x3f, 0x80, 0x0, 0x7, 0xff, 0x20, 0x0,
    0xf, 0xb0, 0xe, 0xc0, 0x0, 0xc, 0xff, 0x60,
    0x0, 0x3f, 0x70, 0xa, 0xf0, 0x0, 0xf, 0x8f,
    0xa0, 0x0, 0x7f, 0x20, 0x6, 0xf4, 0x0, 0x5f,
    0x3b, 0xe0, 0x0, 0xbe, 0x0, 0x1, 0xf8, 0x0,
    0x9e, 0x6, 0xf3, 0x0, 0xf9, 0x0, 0x0, 0xdc,
    0x0, 0xd9, 0x2, 0xf7, 0x3, 0xf5, 0x0, 0x0,
    0x9f, 0x2, 0xf5, 0x0, 0xdb, 0x7, 0xf1, 0x0,
    0x0, 0x4f, 0x46, 0xf0, 0x0, 0x9f, 0xb, 0xc0,
    0x0, 0x0, 0xf, 0x8b, 0xb0, 0x0, 0x4f, 0x4f,
    0x70, 0x0, 0x0, 0xc, 0xcf, 0x70, 0x0, 0xf,
    0xcf, 0x30, 0x0, 0x0, 0x7, 0xff, 0x20, 0x0,
    0xb, 0xfe, 0x0, 0x0, 0x0, 0x3, 0xfe, 0x0,
    0x0, 0x7, 0xfa, 0x0, 0x0,

    /* U+0058 "X" */
    0xd, 0xe0, 0x0, 0x0, 0xbf, 0x20, 0x4f, 0x80,
    0x0, 0x4f, 0x70, 0x0, 0xbf, 0x20, 0xd, 0xd0,
    0x0, 0x2, 0xfb, 0x6, 0xf4, 0x0, 0x0, 0x8,
    0xf6, 0xeb, 0x0, 0x0, 0x0, 0xe, 0xff, 0x20,
    0x0, 0x0, 0x0, 0x7f, 0xa0, 0x0, 0x0, 0x0,
    0xe, 0xff, 0x20, 0x0, 0x0, 0x8, 0xf5, 0xfb,
    0x0, 0x0, 0x2, 0xf9, 0x8, 0xf4, 0x0, 0x0,
    0xbf, 0x10, 0xe, 0xd0, 0x0, 0x4f, 0x70, 0x0,
    0x5f, 0x70, 0xd, 0xe0, 0x0, 0x0, 0xcf, 0x10,

    /* U+0059 "Y" */
    0x6f, 0x60, 0x0, 0x0, 0xde, 0x0, 0xdd, 0x0,
    0x0, 0x5f, 0x60, 0x6, 0xf5, 0x0, 0xd, 0xe0,
    0x0, 0xd, 0xc0, 0x4, 0xf6, 0x0, 0x0, 0x6f,
    0x40, 0xcd, 0x0, 0x0, 0x0, 0xdb, 0x3f, 0x60,
    0x0, 0x0, 0x5, 0xfd, 0xd0, 0x0, 0x0, 0x0,
    0xd, 0xf6, 0x0, 0x0, 0x0, 0x0, 0x8f, 0x10,
    0x0, 0x0, 0x0, 0x8, 0xf1, 0x0, 0x0, 0x0,
    0x0, 0x8f, 0x10, 0x0, 0x0, 0x0, 0x8, 0xf1,
    0x0, 0x0, 0x0, 0x0, 0x8f, 0x10, 0x0, 0x0,

    /* U+005A "Z" */
    0x1f, 0xff, 0xff, 0xff, 0xd0, 0x66, 0x66, 0x69,
    0xfb, 0x0, 0x0, 0x0, 0xbf, 0x20, 0x0, 0x0,
    0x5f, 0x80, 0x0, 0x0, 0xe, 0xe0, 0x0, 0x0,
    0x8, 0xf5, 0x0, 0x0, 0x2, 0xfc, 0x0, 0x0,
    0x0, 0xbf, 0x30, 0x0, 0x0, 0x4f, 0x90, 0x0,
    0x0, 0xd, 0xe1, 0x0, 0x0, 0x7, 0xf6, 0x0,
    0x0, 0x1, 0xff, 0x66, 0x66, 0x66, 0x2f, 0xff,
    0xff, 0xff, 0xe0,

    /* U+005B "[" */
    0x1, 0x10, 0x9f, 0xfa, 0x9f, 0x42, 0x9e, 0x0,
    0x9e, 0x0, 0x9e, 0x0, 0x9e, 0x0, 0x9e, 0x0,
    0x9e, 0x0, 0x9e, 0x0, 0x9e, 0x0, 0x9e, 0x0,
    0x9e, 0x0, 0x9e, 0x0, 0x9e, 0x0, 0x9e, 0x0,
    0x9e, 0x0, 0x9e, 0x0, 0x9e, 0x0, 0x9e, 0x10,
    0x9f, 0xfa, 0x24, 0x42,

    /* U+005C "\\" */
    0x8f, 0x10, 0x0, 0x0, 0x3f, 0x60, 0x0, 0x0,
    0xe, 0xa0, 0x0, 0x0, 0xa, 0xf0, 0x0, 0x0,
    0x6, 0xf3, 0x0, 0x0, 0x1, 0xf8, 0x0, 0x0,
    0x0, 0xdc, 0x0, 0x0, 0x0, 0x8f, 0x10, 0x0,
    0x0, 0x4f, 0x50, 0x0, 0x0, 0xf, 0xa0, 0x0,
    0x0, 0xb, 0xe0, 0x0, 0x0, 0x6, 0xf3, 0x0,
    0x0, 0x2, 0xf7, 0x0, 0x0, 0x0, 0xdc, 0x0,
    0x0, 0x0, 0x9f, 0x10, 0x0, 0x0, 0x4f, 0x50,
    0x0, 0x0, 0xf, 0x90, 0x0, 0x0, 0xb, 0xe0,
    0x0, 0x0, 0x7, 0xf2, 0x0, 0x0, 0x2, 0xf7,

    /* U+005D "]" */
    0x1, 0x11, 0x0, 0xff, 0xf3, 0x4, 0x7f, 0x30,
    0x5, 0xf3, 0x0, 0x5f, 0x30, 0x5, 0xf3, 0x0,
    0x5f, 0x30, 0x5, 0xf3, 0x0, 0x5f, 0x30, 0x5,
    0xf3, 0x0, 0x5f, 0x30, 0x5, 0xf3, 0x0, 0x5f,
    0x30, 0x5, 0xf3, 0x0, 0x5f, 0x30, 0x5, 0xf3,
    0x0, 0x5f, 0x30, 0x5, 0xf3, 0x0, 0x5f, 0x30,
    0x16, 0xf3, 0xf, 0xff, 0x30, 0x44, 0x40,

    /* U+005E "^" */
    0x0, 0x0, 0x18, 0x40, 0x0, 0x0, 0x0, 0x8,
    0xfd, 0x0, 0x0, 0x0, 0x0, 0xfe, 0xf5, 0x0,
    0x0, 0x0, 0x7f, 0x4d, 0xc0, 0x0, 0x0, 0xd,
    0xc0, 0x7f, 0x30, 0x0, 0x5, 0xf5, 0x0, 0xfa,
    0x0, 0x0, 0xce, 0x0, 0x9, 0xf1, 0x0, 0x3f,
    0x70, 0x0, 0x2f, 0x80, 0xa, 0xf1, 0x0, 0x0,
    0xbf, 0x1, 0xf9, 0x0, 0x0, 0x4, 0xf7,

    /* U+005F "_" */
    0x8, 0x88, 0x88, 0x88, 0x88, 0x31, 0xff, 0xff,
    0xff, 0xff, 0xf7,

    /* U+0060 "`" */
    0x0, 0x0, 0x9, 0x50, 0x0, 0x6f, 0xc2, 0x0,
    0x18, 0xf1, 0x0, 0x1, 0x0,

    /* U+0061 "a" */
    0x0, 0x18, 0xdf, 0xd8, 0xe, 0xc0, 0x1d, 0xfb,
    0x78, 0xec, 0xec, 0xa, 0xf6, 0x0, 0x0, 0xcf,
    0xc0, 0xfb, 0x0, 0x0, 0x3, 0xfc, 0x2f, 0x80,
    0x0, 0x0, 0xe, 0xc2, 0xf7, 0x0, 0x0, 0x0,
    0xec, 0xf, 0xb0, 0x0, 0x0, 0x2f, 0xc0, 0x9f,
    0x40, 0x0, 0xa, 0xfc, 0x1, 0xdf, 0x85, 0x6c,
    0xce, 0xc0, 0x1, 0x8e, 0xfd, 0x80, 0xec,

    /* U+0062 "b" */
    0x9f, 0x0, 0x0, 0x0, 0x0, 0x9, 0xf0, 0x0,
    0x0, 0x0, 0x0, 0x9f, 0x0, 0x0, 0x0, 0x0,
    0x9, 0xf0, 0x6c, 0xfe, 0xa2, 0x0, 0x9f, 0x9e,
    0x97, 0xaf, 0xe2, 0x9, 0xfd, 0x10, 0x0, 0x3f,
    0xc0, 0x9f, 0x50, 0x0, 0x0, 0x9f, 0x29, 0xf1,
    0x0, 0x0, 0x5, 0xf5, 0x9f, 0x10, 0x0, 0x0,
    0x5f, 0x59, 0xf5, 0x0, 0x0, 0x9, 0xf2, 0x9f,
    0xd1, 0x0, 0x4, 0xfc, 0x9, 0xfa, 0xe9, 0x7a,
    0xfe, 0x20, 0x9f, 0x6, 0xdf, 0xea, 0x20, 0x0,

    /* U+0063 "c" */
    0x0, 0x18, 0xdf, 0xea, 0x20, 0x0, 0x1d, 0xf9,
    0x68, 0xef, 0x30, 0xa, 0xf4, 0x0, 0x2, 0xfc,
    0x0, 0xfb, 0x0, 0x0, 0x3, 0x40, 0x2f, 0x80,
    0x0, 0x0, 0x0, 0x2, 0xf8, 0x0, 0x0, 0x0,
    0x0, 0xf, 0xb0, 0x0, 0x0, 0x24, 0x0, 0xaf,
    0x40, 0x0, 0x1e, 0xc0, 0x1, 0xdf, 0x96, 0x8e,
    0xe3, 0x0, 0x1, 0x8d, 0xfe, 0xa2, 0x0,

    /* U+0064 "d" */
    0x0, 0x0, 0x0, 0x0, 0xe, 0xc0, 0x0, 0x0,
    0x0, 0x0, 0xec, 0x0, 0x0, 0x0, 0x0, 0xe,
    0xc0, 0x1, 0x8d, 0xfd, 0x70, 0xec, 0x1, 0xdf,
    0xb7, 0x8e, 0xce, 0xc0, 0xaf, 0x60, 0x0, 0xc,
    0xfc, 0xf, 0xb0, 0x0, 0x0, 0x3f, 0xc2, 0xf8,
    0x0, 0x0, 0x0, 0xec, 0x2f, 0x70, 0x0, 0x0,
    0xe, 0xc0, 0xfb, 0x0, 0x0, 0x2, 0xfc, 0x9,
    0xf4, 0x0, 0x0, 0xaf, 0xc0, 0x1d, 0xf8, 0x56,
    0xcc, 0xec, 0x0, 0x18, 0xef, 0xd8, 0xe, 0xc0,

    /* U+0065 "e" */
    0x0, 0x8, 0xdf, 0xea, 0x30, 0x0, 0x1d, 0xf9,
    0x68, 0xef, 0x40, 0xa, 0xf2, 0x0, 0x0, 0xce,
    0x0, 0xfa, 0x11, 0x11, 0x16, 0xf4, 0x2f, 0xff,
    0xff, 0xff, 0xff, 0x52, 0xfa, 0x44, 0x44, 0x44,
    0x41, 0xf, 0xb0, 0x0, 0x0, 0x35, 0x0, 0x9f,
    0x50, 0x0, 0x1e, 0xd0, 0x1, 0xdf, 0xa6, 0x8e,
    0xf3, 0x0, 0x0, 0x8d, 0xfe, 0xa2, 0x0,

    /* U+0066 "f" */
    0x0, 0x4c, 0xf4, 0x1, 0xfd, 0x71, 0x4, 0xf5,
    0x0, 0x9f, 0xff, 0xf6, 0x38, 0xf8, 0x52, 0x5,
    0xf5, 0x0, 0x5, 0xf5, 0x0, 0x5, 0xf5, 0x0,
    0x5, 0xf5, 0x0, 0x5, 0xf5, 0x0, 0x5, 0xf5,
    0x0, 0x5, 0xf5, 0x0, 0x5, 0xf5, 0x0,

    /* U+0067 "g" */
    0x0, 0x18, 0xdf, 0xd8, 0xe, 0xc0, 0x1d, 0xf8,
    0x45, 0xcd, 0xec, 0xa, 0xf3, 0x0, 0x0, 0xaf,
    0xc0, 0xfb, 0x0, 0x0, 0x2, 0xfc, 0x2f, 0x70,
    0x0, 0x0, 0xe, 0xc2, 0xf8, 0x0, 0x0, 0x0,
    0xfc, 0xf, 0xc0, 0x0, 0x0, 0x3f, 0xc0, 0x9f,
    0x60, 0x0, 0xc, 0xfc, 0x1, 0xdf, 0xb7, 0x8e,
    0xbe, 0xc0, 0x1, 0x8e, 0xfd, 0x70, 0xec, 0x0,
    0x0, 0x0, 0x0, 0xe, 0xc0, 0x69, 0x0, 0x0,
    0x1, 0xf9, 0x6, 0xf9, 0x0, 0x0, 0xaf, 0x40,
    0xb, 0xfc, 0x78, 0xcf, 0x90, 0x0, 0x6, 0xce,
    0xfc, 0x50, 0x0,

    /* U+0068 "h" */
    0x9f, 0x0, 0x0, 0x0, 0x0, 0x9f, 0x0, 0x0,
    0x0, 0x0, 0x9f, 0x0, 0x0, 0x0, 0x0, 0x9f,
    0x19, 0xef, 0xc5, 0x0, 0x9f, 0xdc, 0x78, 0xef,
    0x60, 0x9f, 0xa0, 0x0, 0x1e, 0xe0, 0x9f, 0x30,
    0x0, 0x8, 0xf2, 0x9f, 0x0, 0x0, 0x6, 0xf3,
    0x9f, 0x0, 0x0, 0x6, 0xf3, 0x9f, 0x0, 0x0,
    0x6, 0xf3, 0x9f, 0x0, 0x0, 0x6, 0xf3, 0x9f,
    0x0, 0x0, 0x6, 0xf3, 0x9f, 0x0, 0x0, 0x6,
    0xf3,

    /* U+0069 "i" */
    0x9e, 0x2c, 0xf3, 0x2, 0x9, 0xf0, 0x9f, 0x9,
    0xf0, 0x9f, 0x9, 0xf0, 0x9f, 0x9, 0xf0, 0x9f,
    0x9, 0xf0, 0x9f, 0x0,

    /* U+006A "j" */
    0x0, 0x8e, 0x20, 0xb, 0xf3, 0x0, 0x2, 0x0,
    0x9, 0xf1, 0x0, 0x9f, 0x10, 0x9, 0xf1, 0x0,
    0x9f, 0x10, 0x9, 0xf1, 0x0, 0x9f, 0x10, 0x9,
    0xf1, 0x0, 0x9f, 0x10, 0x9, 0xf1, 0x0, 0x9f,
    0x10, 0x9, 0xf1, 0x0, 0x9f, 0x10, 0x9, 0xf0,
    0x36, 0xed, 0x7, 0xfd, 0x30,

    /* U+006B "k" */
    0x9f, 0x0, 0x0, 0x0, 0x9, 0xf0, 0x0, 0x0,
    0x0, 0x9f, 0x0, 0x0, 0x0, 0x9, 0xf0, 0x0,
    0x9f, 0xa0, 0x9f, 0x0, 0x7f, 0xb0, 0x9, 0xf0,
    0x5f, 0xb0, 0x0, 0x9f, 0x3f, 0xc0, 0x0, 0x9,
    0xfe, 0xd1, 0x0, 0x0, 0x9f, 0xed, 0x10, 0x0,
    0x9, 0xf3, 0xfc, 0x0, 0x0, 0x9f, 0x4, 0xfc,
    0x0, 0x9, 0xf0, 0x6, 0xfb, 0x0, 0x9f, 0x0,
    0x8, 0xfa, 0x0,

    /* U+006C "l" */
    0x9f, 0x9, 0xf0, 0x9f, 0x9, 0xf0, 0x9f, 0x9,
    0xf0, 0x9f, 0x9, 0xf0, 0x9f, 0x9, 0xf0, 0x9f,
    0x9, 0xf0, 0x9f, 0x0,

    /* U+006D "m" */
    0x9f, 0x2a, 0xef, 0xc5, 0x1, 0x9e, 0xfc, 0x50,
    0x9, 0xfe, 0x94, 0x5c, 0xf7, 0xda, 0x45, 0xbf,
    0x60, 0x9f, 0x80, 0x0, 0xe, 0xfa, 0x0, 0x0,
    0xde, 0x9, 0xf2, 0x0, 0x0, 0x9f, 0x40, 0x0,
    0x7, 0xf2, 0x9f, 0x0, 0x0, 0x7, 0xf2, 0x0,
    0x0, 0x6f, 0x39, 0xf0, 0x0, 0x0, 0x7f, 0x20,
    0x0, 0x6, 0xf4, 0x9f, 0x0, 0x0, 0x7, 0xf2,
    0x0, 0x0, 0x6f, 0x49, 0xf0, 0x0, 0x0, 0x7f,
    0x20, 0x0, 0x6, 0xf4, 0x9f, 0x0, 0x0, 0x7,
    0xf2, 0x0, 0x0, 0x6f, 0x49, 0xf0, 0x0, 0x0,
    0x7f, 0x20, 0x0, 0x6, 0xf4,

    /* U+006E "n" */
    0x9f, 0x2a, 0xef, 0xc5, 0x0, 0x9f, 0xe9, 0x45,
    0xcf, 0x60, 0x9f, 0x80, 0x0, 0xd, 0xe0, 0x9f,
    0x20, 0x0, 0x8, 0xf2, 0x9f, 0x0, 0x0, 0x6,
    0xf3, 0x9f, 0x0, 0x0, 0x6, 0xf3, 0x9f, 0x0,
    0x0, 0x6, 0xf3, 0x9f, 0x0, 0x0, 0x6, 0xf3,
    0x9f, 0x0, 0x0, 0x6, 0xf3, 0x9f, 0x0, 0x0,
    0x6, 0xf3,

    /* U+006F "o" */
    0x0, 0x7, 0xdf, 0xea, 0x30, 0x0, 0xc, 0xfa,
    0x78, 0xef, 0x60, 0x9, 0xf5, 0x0, 0x0, 0xcf,
    0x20, 0xfb, 0x0, 0x0, 0x3, 0xf8, 0x2f, 0x80,
    0x0, 0x0, 0xf, 0xb2, 0xf8, 0x0, 0x0, 0x0,
    0xfa, 0xf, 0xb0, 0x0, 0x0, 0x3f, 0x80, 0x9f,
    0x40, 0x0, 0x1c, 0xf2, 0x1, 0xdf, 0xa7, 0x8e,
    0xf5, 0x0, 0x0, 0x8d, 0xfe, 0xa3, 0x0,

    /* U+0070 "p" */
    0x9f, 0x6, 0xdf, 0xe9, 0x20, 0x9, 0xf9, 0xe9,
    0x7a, 0xfe, 0x20, 0x9f, 0xd1, 0x0, 0x3, 0xfc,
    0x9, 0xf5, 0x0, 0x0, 0x9, 0xf2, 0x9f, 0x10,
    0x0, 0x0, 0x5f, 0x59, 0xf1, 0x0, 0x0, 0x5,
    0xf5, 0x9f, 0x50, 0x0, 0x0, 0x9f, 0x29, 0xfd,
    0x10, 0x0, 0x4f, 0xc0, 0x9f, 0x9e, 0x97, 0xaf,
    0xe2, 0x9, 0xf0, 0x6d, 0xfe, 0xa2, 0x0, 0x9f,
    0x0, 0x0, 0x0, 0x0, 0x9, 0xf0, 0x0, 0x0,
    0x0, 0x0, 0x9f, 0x0, 0x0, 0x0, 0x0, 0x9,
    0xf0, 0x0, 0x0, 0x0, 0x0, 0x9f, 0x0, 0x0,
    0x0, 0x0, 0x0,

    /* U+0071 "q" */
    0x0, 0x18, 0xdf, 0xd8, 0xe, 0xc0, 0x1d, 0xfa,
    0x78, 0xec, 0xec, 0xa, 0xf5, 0x0, 0x0, 0xcf,
    0xc0, 0xfb, 0x0, 0x0, 0x2, 0xfc, 0x2f, 0x80,
    0x0, 0x0, 0xe, 0xc2, 0xf8, 0x0, 0x0, 0x0,
    0xec, 0xf, 0xb0, 0x0, 0x0, 0x2f, 0xc0, 0x9f,
    0x60, 0x0, 0xc, 0xfc, 0x1, 0xdf, 0xb7, 0x8e,
    0xbe, 0xc0, 0x1, 0x8e, 0xfd, 0x70, 0xec, 0x0,
    0x0, 0x0, 0x0, 0xe, 0xc0, 0x0, 0x0, 0x0,
    0x0, 0xec, 0x0, 0x0, 0x0, 0x0, 0xe, 0xc0,
    0x0, 0x0, 0x0, 0x0, 0xec, 0x0, 0x0, 0x0,
    0x0, 0xe, 0xc0,

    /* U+0072 "r" */
    0x9f, 0x19, 0xe3, 0x9f, 0xce, 0xb2, 0x9f, 0xb0,
    0x0, 0x9f, 0x30, 0x0, 0x9f, 0x0, 0x0, 0x9f,
    0x0, 0x0, 0x9f, 0x0, 0x0, 0x9f, 0x0, 0x0,
    0x9f, 0x0, 0x0, 0x9f, 0x0, 0x0,

    /* U+0073 "s" */
    0x0, 0x7d, 0xfe, 0x91, 0x0, 0x9f, 0xa6, 0x9f,
    0xc0, 0xe, 0xc0, 0x0, 0x7f, 0x40, 0xce, 0x30,
    0x0, 0x10, 0x3, 0xef, 0xc7, 0x20, 0x0, 0x0,
    0x5a, 0xef, 0x90, 0x0, 0x0, 0x0, 0x8f, 0x50,
    0xfb, 0x0, 0x3, 0xf6, 0x9, 0xfb, 0x67, 0xef,
    0x20, 0x6, 0xdf, 0xfb, 0x30,

    /* U+0074 "t" */
    0x4, 0xf6, 0x0, 0x4, 0xf6, 0x0, 0x4, 0xf6,
    0x0, 0x8f, 0xff, 0xff, 0x28, 0xf9, 0x55, 0x4,
    0xf6, 0x0, 0x4, 0xf6, 0x0, 0x4, 0xf6, 0x0,
    0x4, 0xf6, 0x0, 0x4, 0xf6, 0x0, 0x3, 0xf6,
    0x0, 0x1, 0xfd, 0x65, 0x0, 0x5d, 0xff,

    /* U+0075 "u" */
    0xbe, 0x0, 0x0, 0x8, 0xf2, 0xbe, 0x0, 0x0,
    0x8, 0xf2, 0xbe, 0x0, 0x0, 0x8, 0xf2, 0xbe,
    0x0, 0x0, 0x8, 0xf2, 0xbe, 0x0, 0x0, 0x8,
    0xf2, 0xbe, 0x0, 0x0, 0x8, 0xf2, 0xaf, 0x0,
    0x0, 0xa, 0xf2, 0x6f, 0x60, 0x0, 0x1f, 0xf2,
    0xd, 0xf8, 0x56, 0xee, 0xf2, 0x1, 0x9e, 0xfd,
    0x68, 0xf2,

    /* U+0076 "v" */
    0x9f, 0x20, 0x0, 0x1, 0xfa, 0x3f, 0x80, 0x0,
    0x6, 0xf4, 0xd, 0xe0, 0x0, 0xc, 0xe0, 0x6,
    0xf4, 0x0, 0x2f, 0x80, 0x1, 0xfa, 0x0, 0x8f,
    0x20, 0x0, 0xaf, 0x0, 0xeb, 0x0, 0x0, 0x4f,
    0x64, 0xf5, 0x0, 0x0, 0xd, 0xca, 0xe0, 0x0,
    0x0, 0x7, 0xff, 0x90, 0x0, 0x0, 0x1, 0xff,
    0x30, 0x0,

    /* U+0077 "w" */
    0xaf, 0x0, 0x0, 0x8f, 0x60, 0x0, 0x3f, 0x65,
    0xf4, 0x0, 0xd, 0xfb, 0x0, 0x7, 0xf1, 0xf,
    0x90, 0x1, 0xfb, 0xf0, 0x0, 0xcc, 0x0, 0xbd,
    0x0, 0x6e, 0x3f, 0x40, 0xf, 0x70, 0x6, 0xf1,
    0xb, 0xa0, 0xe8, 0x4, 0xf2, 0x0, 0x1f, 0x50,
    0xf5, 0x9, 0xd0, 0x8d, 0x0, 0x0, 0xca, 0x4f,
    0x10, 0x4f, 0x2d, 0x80, 0x0, 0x7, 0xe9, 0xb0,
    0x0, 0xf8, 0xf3, 0x0, 0x0, 0x2f, 0xf7, 0x0,
    0xb, 0xfe, 0x0, 0x0, 0x0, 0xdf, 0x20, 0x0,
    0x6f, 0x90, 0x0,

    /* U+0078 "x" */
    0x7f, 0x60, 0x0, 0xaf, 0x10, 0xce, 0x10, 0x4f,
    0x60, 0x3, 0xfa, 0xd, 0xc0, 0x0, 0x8, 0xfb,
    0xf2, 0x0, 0x0, 0xd, 0xf7, 0x0, 0x0, 0x0,
    0xdf, 0x80, 0x0, 0x0, 0x8f, 0xbf, 0x30, 0x0,
    0x2f, 0x71, 0xfc, 0x0, 0xc, 0xd0, 0x6, 0xf7,
    0x7, 0xf3, 0x0, 0xc, 0xf1,

    /* U+0079 "y" */
    0x9f, 0x30, 0x0, 0x0, 0xfa, 0x3f, 0x90, 0x0,
    0x5, 0xf4, 0xc, 0xe0, 0x0, 0xb, 0xe0, 0x6,
    0xf5, 0x0, 0x1f, 0x70, 0x0, 0xfb, 0x0, 0x7f,
    0x10, 0x0, 0x9f, 0x10, 0xdb, 0x0, 0x0, 0x3f,
    0x73, 0xf4, 0x0, 0x0, 0xd, 0xd9, 0xe0, 0x0,
    0x0, 0x7, 0xff, 0x80, 0x0, 0x0, 0x1, 0xff,
    0x10, 0x0, 0x0, 0x0, 0xfb, 0x0, 0x0, 0x0,
    0x5, 0xf5, 0x0, 0x0, 0x0, 0xc, 0xe0, 0x0,
    0x0, 0x0, 0x2f, 0x80, 0x0, 0x0, 0x0, 0x8f,
    0x20, 0x0, 0x0,

    /* U+007A "z" */
    0x3f, 0xff, 0xff, 0xf6, 0x15, 0x55, 0x5c, 0xf4,
    0x0, 0x0, 0x3f, 0xa0, 0x0, 0x0, 0xde, 0x10,
    0x0, 0x8, 0xf5, 0x0, 0x0, 0x3f, 0xa0, 0x0,
    0x0, 0xde, 0x10, 0x0, 0x8, 0xf5, 0x0, 0x0,
    0x2f, 0xe5, 0x55, 0x52, 0x4f, 0xff, 0xff, 0xf7,

    /* U+007B "{" */
    0x0, 0x0, 0x1, 0x0, 0x0, 0xaf, 0xf1, 0x0,
    0x6f, 0x94, 0x0, 0x9, 0xf0, 0x0, 0x0, 0x9f,
    0x0, 0x0, 0x8, 0xf1, 0x0, 0x0, 0x6f, 0x20,
    0x0, 0x5, 0xf4, 0x0, 0x0, 0x4f, 0x40, 0x0,
    0x9, 0xf2, 0x0, 0x1c, 0xf7, 0x0, 0x1, 0xed,
    0x50, 0x0, 0x0, 0xbf, 0x10, 0x0, 0x5, 0xf4,
    0x0, 0x0, 0x5f, 0x40, 0x0, 0x6, 0xf2, 0x0,
    0x0, 0x7f, 0x10, 0x0, 0x9, 0xf0, 0x0, 0x0,
    0x9f, 0x0, 0x0, 0x7, 0xf6, 0x20, 0x0, 0x1d,
    0xff, 0x10, 0x0, 0x3, 0x40,

    /* U+007C "|" */
    0x3f, 0x73, 0xf7, 0x3f, 0x73, 0xf7, 0x3f, 0x73,
    0xf7, 0x3f, 0x73, 0xf7, 0x3f, 0x73, 0xf7, 0x3f,
    0x73, 0xf7, 0x3f, 0x73, 0xf7, 0x3f, 0x73, 0xf7,

    /* U+007D "}" */
    0x11, 0x0, 0x0, 0xcf, 0xd2, 0x0, 0x36, 0xfb,
    0x0, 0x0, 0xbe, 0x0, 0x0, 0xbe, 0x0, 0x0,
    0xcd, 0x0, 0x0, 0xdb, 0x0, 0x0, 0xfa, 0x0,
    0x0, 0xf9, 0x0, 0x0, 0xdd, 0x0, 0x0, 0x3e,
    0xe4, 0x0, 0x2b, 0xf5, 0x0, 0xce, 0x20, 0x0,
    0xfa, 0x0, 0x0, 0xfa, 0x0, 0x0, 0xeb, 0x0,
    0x0, 0xcc, 0x0, 0x0, 0xbe, 0x0, 0x0, 0xae,
    0x0, 0x13, 0xec, 0x0, 0xcf, 0xf4, 0x0, 0x34,
    0x10, 0x0,

    /* U+007E "~" */
    0x0, 0x1, 0x0, 0x1, 0x10, 0x6f, 0xfc, 0x53,
    0xd7, 0x1f, 0x86, 0xcf, 0xfd, 0x11, 0x40, 0x0,
    0x34, 0x0,

    /* U+00A0 " " */

    /* U+00A1 "¡" */
    0x3e, 0x84, 0xfa, 0x2, 0x0, 0x0, 0x1f, 0x51,
    0xf5, 0x1f, 0x52, 0xf6, 0x2f, 0x62, 0xf6, 0x3f,
    0x73, 0xf7, 0x3f, 0x70,

    /* U+00A2 "¢" */
    0x0, 0x0, 0xb3, 0x0, 0x0, 0x0, 0x2, 0xc6,
    0x0, 0x0, 0x2, 0xdf, 0xff, 0xf7, 0x0, 0x1e,
    0xe5, 0x1, 0x8f, 0x60, 0x7f, 0x30, 0x0, 0xb,
    0xd0, 0xbd, 0x0, 0x0, 0x0, 0x0, 0xdc, 0x0,
    0x0, 0x0, 0x0, 0xbd, 0x0, 0x0, 0x0, 0x0,
    0x7f, 0x30, 0x0, 0xb, 0xd0, 0x1e, 0xe5, 0x12,
    0x9f, 0x60, 0x2, 0xcf, 0xff, 0xf7, 0x0, 0x0,
    0x2, 0xc6, 0x0, 0x0, 0x0, 0x0, 0xb4, 0x0,
    0x0,

    /* U+00A3 "£" */
    0x0, 0x5, 0xcf, 0xfb, 0x20, 0x0, 0x5f, 0xc7,
    0x7e, 0xe1, 0x0, 0xdd, 0x0, 0x2, 0xf8, 0x0,
    0xf9, 0x0, 0x0, 0x86, 0x0, 0xf9, 0x0, 0x0,
    0x0, 0x0, 0xbd, 0x0, 0x0, 0x0, 0x3f, 0xff,
    0xff, 0xf7, 0x0, 0x2, 0x4f, 0x82, 0x21, 0x0,
    0x0, 0xf, 0x80, 0x0, 0x0, 0x0, 0x2f, 0x50,
    0x0, 0x0, 0x0, 0x7f, 0x10, 0x0, 0x0, 0x2,
    0xfa, 0x55, 0x55, 0x54, 0x5, 0xff, 0xff, 0xff,
    0xfd,

    /* U+00A4 "¤" */
    0x31, 0x0, 0x0, 0x40, 0x7d, 0xbf, 0xea, 0xe3,
    0xe, 0xa1, 0x3e, 0x90, 0x4f, 0x10, 0x7, 0xf0,
    0x4f, 0x10, 0x6, 0xf0, 0xf, 0x90, 0x1d, 0xa0,
    0x6e, 0xdf, 0xfb, 0xe2, 0x42, 0x1, 0x0, 0x51,

    /* U+00A5 "¥" */
    0x4f, 0x80, 0x0, 0x0, 0xcf, 0x10, 0xce, 0x0,
    0x0, 0x4f, 0x80, 0x5, 0xf6, 0x0, 0xb, 0xf1,
    0x0, 0xd, 0xe0, 0x2, 0xf8, 0x0, 0x0, 0x5f,
    0x50, 0xaf, 0x10, 0x0, 0x0, 0xdd, 0x1f, 0x90,
    0x0, 0xf, 0xff, 0xfc, 0xff, 0xfc, 0x0, 0x33,
    0x3c, 0xf9, 0x33, 0x20, 0x0, 0x0, 0x7f, 0x30,
    0x0, 0x0, 0xff, 0xff, 0xff, 0xff, 0xc0, 0x3,
    0x33, 0x8f, 0x53, 0x32, 0x0, 0x0, 0x7, 0xf3,
    0x0, 0x0, 0x0, 0x0, 0x7f, 0x30, 0x0, 0x0,

    /* U+00A6 "¦" */
    0x3f, 0x73, 0xf7, 0x3f, 0x73, 0xf7, 0x3f, 0x73,
    0xf7, 0x2c, 0x50, 0x0, 0x0, 0x2, 0xd5, 0x3f,
    0x73, 0xf7, 0x3f, 0x73, 0xf7, 0x3f, 0x73, 0xf7,

    /* U+00A7 "§" */
    0x0, 0x4b, 0xff, 0xc5, 0x0, 0x3, 0xfa, 0x33,
    0xaf, 0x50, 0x9, 0xf0, 0x0, 0xe, 0xb0, 0x7,
    0xf6, 0x0, 0x0, 0x0, 0x0, 0xbf, 0xc5, 0x0,
    0x0, 0x0, 0x7f, 0xff, 0xf9, 0x0, 0x9, 0xf8,
    0x21, 0x5e, 0xd0, 0x1f, 0xa0, 0x0, 0x5, 0xf6,
    0x1f, 0x90, 0x0, 0x4, 0xf7, 0xb, 0xf5, 0x0,
    0x2c, 0xf2, 0x0, 0x9f, 0xfe, 0xfc, 0x30, 0x0,
    0x1, 0x7d, 0xfb, 0x10, 0x0, 0x0, 0x0, 0x4f,
    0xc0, 0x5, 0xc3, 0x0, 0xb, 0xf0, 0x2, 0xfb,
    0x10, 0x3e, 0xa0, 0x0, 0x4d, 0xff, 0xfa, 0x0,
    0x0, 0x0, 0x2, 0x0, 0x0,

    /* U+00A8 "¨" */
    0x5d, 0x16, 0xc1, 0x6e, 0x27, 0xe1,

    /* U+00A9 "©" */
    0x0, 0x0, 0x49, 0xab, 0xa6, 0x0, 0x0, 0x0,
    0x1a, 0x71, 0x0, 0x5, 0xb3, 0x0, 0x0, 0xb2,
    0x18, 0xdd, 0xa2, 0x1b, 0x20, 0x6, 0x50, 0xdb,
    0x22, 0xae, 0x22, 0xa0, 0xc, 0x7, 0xe0, 0x0,
    0xe, 0x90, 0xb1, 0xb, 0xb, 0xb0, 0x0, 0x0,
    0x0, 0x84, 0x1a, 0xc, 0xb0, 0x0, 0x0, 0x0,
    0x65, 0xc, 0x9, 0xe0, 0x0, 0x0, 0x0, 0x84,
    0xc, 0x3, 0xfa, 0x10, 0x5f, 0x80, 0xb1, 0x6,
    0x60, 0x5f, 0xff, 0xf9, 0x2, 0xa0, 0x0, 0xb2,
    0x0, 0x44, 0x10, 0x1b, 0x10, 0x0, 0x1a, 0x71,
    0x0, 0x5, 0xb3, 0x0, 0x0, 0x0, 0x4a, 0xbb,
    0xa6, 0x0, 0x0,

    /* U+00AA "ª" */
    0x2, 0xcf, 0xd5, 0xf4, 0xd, 0xb2, 0x2c, 0xf4,
    0x4f, 0x10, 0x3, 0xf4, 0x6f, 0x0, 0x1, 0xf4,
    0x4f, 0x20, 0x3, 0xf4, 0xd, 0xb1, 0x2c, 0xf4,
    0x2, 0xbf, 0xd5, 0xf4,

    /* U+00AB "«" */
    0x0, 0x24, 0x1, 0x41, 0x0, 0xdb, 0xa, 0xe0,
    0x7, 0xf2, 0x3f, 0x60, 0xe, 0x90, 0xbd, 0x0,
    0xd, 0xb0, 0x9e, 0x0, 0x4, 0xf4, 0x1f, 0x80,
    0x0, 0xbd, 0x7, 0xf2,

    /* U+00AC "¬" */
    0x1, 0x11, 0x11, 0x11, 0x11, 0x4, 0xff, 0xff,
    0xff, 0xff, 0xfe, 0x3, 0x33, 0x33, 0x33, 0x3c,
    0xe0, 0x0, 0x0, 0x0, 0x0, 0xbe, 0x0, 0x0,
    0x0, 0x0, 0x8, 0xa0,

    /* U+00AD "­" */
    0x11, 0x11, 0x11, 0x10, 0xff, 0xff, 0xff, 0xf3,
    0x44, 0x44, 0x44, 0x40,

    /* U+00AE "®" */
    0x0, 0x3a, 0xba, 0x40, 0x0, 0x3b, 0x10, 0x9,
    0x50, 0xb, 0x1c, 0xdb, 0xc, 0x0, 0xc0, 0xe1,
    0xc2, 0x92, 0xc, 0xe, 0xdb, 0x9, 0x20, 0xb1,
    0xe4, 0xd0, 0xc0, 0x3, 0xb4, 0x3, 0xa6, 0x0,
    0x3, 0xab, 0xb4, 0x0,

    /* U+00AF "¯" */
    0x0, 0x0, 0x0, 0xb, 0xff, 0xff, 0xfa, 0x23,
    0x33, 0x33, 0x20,

    /* U+00B0 "°" */
    0x3, 0xbe, 0xd6, 0x1, 0xf7, 0x3, 0xe6, 0x6e,
    0x0, 0x8, 0xc6, 0xe0, 0x0, 0x8c, 0x1f, 0x70,
    0x3e, 0x60, 0x3c, 0xfe, 0x70,

    /* U+00B1 "±" */
    0x0, 0x0, 0x6a, 0x0, 0x0, 0x0, 0x0, 0x9f,
    0x0, 0x0, 0x1, 0x11, 0x9f, 0x11, 0x11, 0x6f,
    0xff, 0xff, 0xff, 0xfc, 0x14, 0x44, 0xbf, 0x44,
    0x43, 0x0, 0x0, 0x9f, 0x0, 0x0, 0x0, 0x0,
    0x9f, 0x0, 0x0, 0x1, 0x11, 0x9f, 0x11, 0x11,
    0x6f, 0xff, 0xff, 0xff, 0xfc, 0x14, 0x44, 0x44,
    0x44, 0x43,

    /* U+00B2 "²" */
    0x9, 0xfe, 0x40, 0x5e, 0x27, 0xf0, 0x0, 0x4,
    0xf1, 0x0, 0xc, 0xb0, 0x0, 0xac, 0x10, 0xb,
    0xa1, 0x0, 0x6f, 0xff, 0xf3,

    /* U+00B3 "³" */
    0x9, 0xee, 0x70, 0x5d, 0x15, 0xf3, 0x0, 0x3,
    0xf3, 0x0, 0xcf, 0x80, 0x0, 0x3, 0xf3, 0x7e,
    0x14, 0xf4, 0xa, 0xfe, 0x80,

    /* U+00B4 "´" */
    0x0, 0x0, 0x0, 0x1, 0xa2, 0x7, 0xfb, 0xa,
    0xc4, 0x0, 0x20, 0x0, 0x0,

    /* U+00B5 "µ" */
    0x9f, 0x0, 0x0, 0x6, 0xf3, 0x9f, 0x0, 0x0,
    0x6, 0xf3, 0x9f, 0x0, 0x0, 0x6, 0xf3, 0x9f,
    0x0, 0x0, 0x6, 0xf3, 0x9f, 0x0, 0x0, 0x6,
    0xf3, 0x9f, 0x0, 0x0, 0x6, 0xf3, 0x9f, 0x20,
    0x0, 0x8, 0xf3, 0x9f, 0x80, 0x0, 0xe, 0xf3,
    0x9f, 0xf9, 0x45, 0xcc, 0xf3, 0x9f, 0x7d, 0xfd,
    0x56, 0xf3, 0x9f, 0x0, 0x0, 0x0, 0x0, 0x9f,
    0x0, 0x0, 0x0, 0x0, 0x9f, 0x0, 0x0, 0x0,
    0x0, 0x9f, 0x0, 0x0, 0x0, 0x0, 0x9f, 0x0,
    0x0, 0x0, 0x0,

    /* U+00B6 "¶" */
    0x0, 0x7d, 0xff, 0xff, 0xf5, 0xb, 0xff, 0xff,
    0xa6, 0xf5, 0x3f, 0xff, 0xff, 0x72, 0xf5, 0x6f,
    0xff, 0xff, 0x72, 0xf5, 0x5f, 0xff, 0xff, 0x72,
    0xf5, 0x1f, 0xff, 0xff, 0x72, 0xf5, 0x6, 0xff,
    0xff, 0x72, 0xf5, 0x0, 0x27, 0x9f, 0x72, 0xf5,
    0x0, 0x0, 0xf, 0x72, 0xf5, 0x0, 0x0, 0xf,
    0x72, 0xf5, 0x0, 0x0, 0xf, 0x72, 0xf5, 0x0,
    0x0, 0xf, 0x72, 0xf5, 0x0, 0x0, 0xf, 0x72,
    0xf5,

    /* U+00B7 "·" */
    0x1, 0x10, 0x1f, 0xe0, 0xd, 0xc0,

    /* U+00B8 "¸" */
    0x2, 0x0, 0x0, 0xd4, 0x0, 0xd, 0xfb, 0x0,
    0x1, 0xe7, 0x0, 0xe, 0x7a, 0xff, 0xd1, 0x12,
    0x10, 0x0,

    /* U+00B9 "¹" */
    0x8f, 0xb0, 0x9b, 0x9, 0xb0, 0x9b, 0x9, 0xb0,
    0x9b, 0x9, 0xb0,

    /* U+00BA "º" */
    0x1, 0xaf, 0xe9, 0x0, 0xd, 0xb2, 0x2d, 0xa0,
    0x4f, 0x10, 0x4, 0xf1, 0x6f, 0x0, 0x1, 0xf3,
    0x4f, 0x10, 0x4, 0xf1, 0xd, 0xb1, 0x2d, 0xa0,
    0x1, 0xaf, 0xe9, 0x0,

    /* U+00BB "»" */
    0x4, 0x20, 0x33, 0x0, 0xa, 0xe0, 0x6f, 0x30,
    0x1, 0xf7, 0xd, 0xb0, 0x0, 0x8f, 0x14, 0xf4,
    0x0, 0xad, 0x7, 0xf2, 0x3, 0xf5, 0x1e, 0x90,
    0xc, 0xc0, 0x9f, 0x10,

    /* U+00BC "¼" */
    0x5f, 0xf0, 0x0, 0x6, 0xf2, 0x0, 0x5f, 0x0,
    0x1, 0xe8, 0x0, 0x5, 0xf0, 0x0, 0x8e, 0x10,
    0x0, 0x5f, 0x0, 0x2f, 0x70, 0x0, 0x5, 0xf0,
    0xa, 0xd0, 0x0, 0x0, 0x5f, 0x3, 0xf5, 0x0,
    0x0, 0x0, 0x0, 0xcc, 0x1, 0xef, 0x0, 0x0,
    0x5f, 0x30, 0xbb, 0xf0, 0x0, 0xd, 0xa0, 0x6c,
    0x4f, 0x0, 0x6, 0xf2, 0x2e, 0x24, 0xf0, 0x0,
    0xe9, 0x8, 0xed, 0xef, 0xb0, 0x8f, 0x10, 0x0,
    0x4, 0xf0, 0x2, 0x10, 0x0, 0x0, 0x2, 0x0,

    /* U+00BD "½" */
    0x5f, 0xe0, 0x0, 0xa, 0xe0, 0x0, 0x6, 0xe0,
    0x0, 0x2f, 0x60, 0x0, 0x6, 0xe0, 0x0, 0xae,
    0x0, 0x0, 0x6, 0xe0, 0x2, 0xf6, 0x0, 0x0,
    0x6, 0xe0, 0xa, 0xe0, 0x0, 0x0, 0x6, 0xe0,
    0x2f, 0x60, 0x0, 0x0, 0x6, 0xe0, 0xae, 0x0,
    0x0, 0x0, 0x0, 0x12, 0xf6, 0x8, 0xee, 0x70,
    0x0, 0xa, 0xe0, 0x3e, 0x35, 0xf2, 0x0, 0x2f,
    0x60, 0x0, 0x4, 0xf1, 0x0, 0xae, 0x0, 0x0,
    0x3e, 0x50, 0x2, 0xf6, 0x0, 0x7, 0xc2, 0x0,
    0xa, 0xe0, 0x0, 0x5f, 0xff, 0xf4, 0x1, 0x10,
    0x0, 0x1, 0x11, 0x10,

    /* U+00BE "¾" */
    0x6, 0xee, 0x90, 0x0, 0xb, 0xd0, 0x2, 0xd3,
    0x2f, 0x60, 0x3, 0xf5, 0x0, 0x0, 0x1, 0xf6,
    0x0, 0xcc, 0x0, 0x0, 0x9, 0xfb, 0x0, 0x4f,
    0x40, 0x0, 0x0, 0x1, 0xe6, 0xd, 0xb0, 0x0,
    0x3, 0xf3, 0x1f, 0x75, 0xf3, 0x0, 0x0, 0x7,
    0xee, 0xa1, 0xda, 0x0, 0x20, 0x0, 0x0, 0x0,
    0x6f, 0x20, 0xbf, 0x70, 0x0, 0x0, 0xe, 0x90,
    0x6c, 0xd7, 0x0, 0x0, 0x7, 0xf1, 0x1e, 0x3d,
    0x70, 0x0, 0x1, 0xf8, 0xb, 0x80, 0xd7, 0x0,
    0x0, 0x8e, 0x2, 0xed, 0xdf, 0xe3, 0x0, 0x1f,
    0x70, 0x0, 0x0, 0xd7, 0x0, 0x0, 0x20, 0x0,
    0x0, 0x2, 0x10,

    /* U+00BF "¿" */
    0x0, 0x0, 0xd, 0xc0, 0x0, 0x0, 0x1, 0xfe,
    0x0, 0x0, 0x0, 0x1, 0x10, 0x0, 0x0, 0x0,
    0x65, 0x0, 0x0, 0x0, 0xd, 0xa0, 0x0, 0x4,
    0xbe, 0xfb, 0x0, 0x6, 0xfc, 0x63, 0x10, 0x0,
    0xec, 0x0, 0x0, 0x0, 0x1f, 0x70, 0x0, 0x0,
    0x2, 0xf7, 0x0, 0x0, 0x97, 0xf, 0xa0, 0x0,
    0x1f, 0x80, 0x8f, 0x72, 0x3c, 0xf2, 0x0, 0x9f,
    0xff, 0xe4, 0x0, 0x0, 0x13, 0x30, 0x0,

    /* U+00C0 "À" */
    0x0, 0x0, 0x0, 0x0, 0x0, 0x0, 0x0, 0x0,
    0xd5, 0x0, 0x0, 0x0, 0x0, 0x0, 0x7f, 0xb2,
    0x0, 0x0, 0x0, 0x0, 0x1, 0x8c, 0x0, 0x0,
    0x0, 0x0, 0x0, 0x1, 0x0, 0x0, 0x0, 0x0,
    0x1f, 0xf2, 0x0, 0x0, 0x0, 0x0, 0x6f, 0xf8,
    0x0, 0x0, 0x0, 0x0, 0xbe, 0xde, 0x0, 0x0,
    0x0, 0x1, 0xf9, 0x7f, 0x30, 0x0, 0x0, 0x7,
    0xf4, 0x2f, 0x90, 0x0, 0x0, 0xc, 0xe0, 0xd,
    0xe0, 0x0, 0x0, 0x2f, 0x90, 0x7, 0xf4, 0x0,
    0x0, 0x7f, 0x40, 0x2, 0xf9, 0x0, 0x0, 0xdf,
    0x11, 0x11, 0xdf, 0x0, 0x3, 0xff, 0xff, 0xff,
    0xff, 0x50, 0x8, 0xf6, 0x44, 0x44, 0x4f, 0xa0,
    0xe, 0xd0, 0x0, 0x0, 0xb, 0xf0, 0x3f, 0x80,
    0x0, 0x0, 0x5, 0xf5,

    /* U+00C1 "Á" */
    0x0, 0x0, 0x0, 0x0, 0x0, 0x0, 0x0, 0x0,
    0x0, 0x6c, 0x0, 0x0, 0x0, 0x0, 0x3d, 0xe5,
    0x0, 0x0, 0x0, 0x0, 0xe7, 0x0, 0x0, 0x0,
    0x0, 0x0, 0x10, 0x0, 0x0, 0x0, 0x0, 0x0,
    0x1f, 0xf2, 0x0, 0x0, 0x0, 0x0, 0x6f, 0xf8,
    0x0, 0x0, 0x0, 0x0, 0xbe, 0xde, 0x0, 0x0,
    0x0, 0x1, 0xf9, 0x7f, 0x30, 0x0, 0x0, 0x7,
    0xf4, 0x2f, 0x90, 0x0, 0x0, 0xc, 0xe0, 0xd,
    0xe0, 0x0, 0x0, 0x2f, 0x90, 0x7, 0xf4, 0x0,
    0x0, 0x7f, 0x40, 0x2, 0xf9, 0x0, 0x0, 0xdf,
    0x11, 0x11, 0xdf, 0x0, 0x3, 0xff, 0xff, 0xff,
    0xff, 0x50, 0x8, 0xf6, 0x44, 0x44, 0x4f, 0xa0,
    0xe, 0xd0, 0x0, 0x0, 0xb, 0xf0, 0x3f, 0x80,
    0x0, 0x0, 0x5, 0xf5,

    /* U+00C2 "Â" */
    0x0, 0x0, 0x5, 0x60, 0x0, 0x0, 0x0, 0x2,
    0xbe, 0xdc, 0x30, 0x0, 0x0, 0x6, 0x90, 0x7,
    0x80, 0x0, 0x0, 0x0, 0x0, 0x0, 0x0, 0x0,
    0x0, 0x0, 0x1f, 0xf2, 0x0, 0x0, 0x0, 0x0,
    0x6f, 0xf8, 0x0, 0x0, 0x0, 0x0, 0xbe, 0xde,
    0x0, 0x0, 0x0, 0x1, 0xf9, 0x7f, 0x30, 0x0,
    0x0, 0x7, 0xf4, 0x2f, 0x90, 0x0, 0x0, 0xc,
    0xe0, 0xd, 0xe0, 0x0, 0x0, 0x2f, 0x90, 0x7,
    0xf4, 0x0, 0x0, 0x7f, 0x40, 0x2, 0xf9, 0x0,
    0x0, 0xdf, 0x11, 0x11, 0xdf, 0x0, 0x3, 0xff,
    0xff, 0xff, 0xff, 0x50, 0x8, 0xf6, 0x44, 0x44,
    0x4f, 0xa0, 0xe, 0xd0, 0x0, 0x0, 0xb, 0xf0,
    0x3f, 0x80, 0x0, 0x0, 0x5, 0xf5,

    /* U+00C3 "Ã" */
    0x0, 0x3, 0xdf, 0xff, 0xa0, 0x0, 0x0, 0x1,
    0x22, 0x21, 0x0, 0x0, 0x0, 0x0, 0x1f, 0xf2,
    0x0, 0x0, 0x0, 0x0, 0x6f, 0xf8, 0x0, 0x0,
    0x0, 0x0, 0xbe, 0xde, 0x0, 0x0, 0x0, 0x1,
    0xf9, 0x7f, 0x30, 0x0, 0x0, 0x7, 0xf4, 0x2f,
    0x90, 0x0, 0x0, 0xc, 0xe0, 0xd, 0xe0, 0x0,
    0x0, 0x2f, 0x90, 0x7, 0xf4, 0x0, 0x0, 0x7f,
    0x40, 0x2, 0xf9, 0x0, 0x0, 0xdf, 0x11, 0x11,
    0xdf, 0x0, 0x3, 0xff, 0xff, 0xff, 0xff, 0x50,
    0x8, 0xf6, 0x44, 0x44, 0x4f, 0xa0, 0xe, 0xd0,
    0x0, 0x0, 0xb, 0xf0, 0x3f, 0x80, 0x0, 0x0,
    0x5, 0xf5,

    /* U+00C4 "Ä" */
    0x0, 0x2, 0xc4, 0x2d, 0x30, 0x0, 0x0, 0x2,
    0xe5, 0x3f, 0x50, 0x0, 0x0, 0x0, 0x0, 0x0,
    0x0, 0x0, 0x0, 0x0, 0x1f, 0xf2, 0x0, 0x0,
    0x0, 0x0, 0x6f, 0xf8, 0x0, 0x0, 0x0, 0x0,
    0xbe, 0xde, 0x0, 0x0, 0x0, 0x1, 0xf9, 0x7f,
    0x30, 0x0, 0x0, 0x7, 0xf4, 0x2f, 0x90, 0x0,
    0x0, 0xc, 0xe0, 0xd, 0xe0, 0x0, 0x0, 0x2f,
    0x90, 0x7, 0xf4, 0x0, 0x0, 0x7f, 0x40, 0x2,
    0xf9, 0x0, 0x0, 0xdf, 0x11, 0x11, 0xdf, 0x0,
    0x3, 0xff, 0xff, 0xff, 0xff, 0x50, 0x8, 0xf6,
    0x44, 0x44, 0x4f, 0xa0, 0xe, 0xd0, 0x0, 0x0,
    0xb, 0xf0, 0x3f, 0x80, 0x0, 0x0, 0x5, 0xf5,

    /* U+00C5 "Å" */
    0x0, 0x0, 0x2c, 0xd4, 0x0, 0x0, 0x0, 0x0,
    0xb4, 0x1e, 0x0, 0x0, 0x0, 0x0, 0xb4, 0x2e,
    0x0, 0x0, 0x0, 0x0, 0x3c, 0xd5, 0x0, 0x0,
    0x0, 0x0, 0x1f, 0xf2, 0x0, 0x0, 0x0, 0x0,
    0x6f, 0xf8, 0x0, 0x0, 0x0, 0x0, 0xbe, 0xde,
    0x0, 0x0, 0x0, 0x1, 0xf9, 0x7f, 0x30, 0x0,
    0x0, 0x7, 0xf4, 0x2f, 0x90, 0x0, 0x0, 0xc,
    0xe0, 0xd, 0xe0, 0x0, 0x0, 0x2f, 0x90, 0x7,
    0xf4, 0x0, 0x0, 0x7f, 0x40, 0x2, 0xf9, 0x0,
    0x0, 0xdf, 0x11, 0x11, 0xdf, 0x0, 0x3, 0xff,
    0xff, 0xff, 0xff, 0x50, 0x8, 0xf6, 0x44, 0x44,
    0x4f, 0xa0, 0xe, 0xd0, 0x0, 0x0, 0xb, 0xf0,
    0x3f, 0x80, 0x0, 0x0, 0x5, 0xf5,

    /* U+00C6 "Æ" */
    0x0, 0x0, 0x0, 0xe, 0xff, 0xff, 0xff, 0xf1,
    0x0, 0x0, 0x0, 0x7f, 0xdf, 0x44, 0x44, 0x40,
    0x0, 0x0, 0x1, 0xfb, 0xaf, 0x0, 0x0, 0x0,
    0x0, 0x0, 0x9, 0xf2, 0xaf, 0x0, 0x0, 0x0,
    0x0, 0x0, 0x2f, 0xa0, 0xaf, 0x0, 0x0, 0x0,
    0x0, 0x0, 0xaf, 0x20, 0xaf, 0x0, 0x0, 0x0,
    0x0, 0x3, 0xf9, 0x0, 0xaf, 0xff, 0xff, 0x80,
    0x0, 0xc, 0xf1, 0x0, 0xaf, 0x33, 0x33, 0x10,
    0x0, 0x5f, 0x80, 0x0, 0xaf, 0x0, 0x0, 0x0,
    0x0, 0xdf, 0xff, 0xff, 0xff, 0x0, 0x0, 0x0,
    0x6, 0xf7, 0x33, 0x33, 0xbf, 0x0, 0x0, 0x0,
    0xe, 0xd0, 0x0, 0x0, 0xaf, 0x44, 0x44, 0x40,
    0x8f, 0x40, 0x0, 0x0, 0xaf, 0xff, 0xff, 0xf1,

    /* U+00C7 "Ç" */
    0x0, 0x0, 0x6c, 0xef, 0xd8, 0x10, 0x0, 0x2,
    0xdf, 0xb8, 0x7b, 0xfe, 0x30, 0x0, 0xde, 0x30,
    0x0, 0x3, 0xef, 0x10, 0x8f, 0x40, 0x0, 0x0,
    0x5, 0xe8, 0xe, 0xd0, 0x0, 0x0, 0x0, 0x0,
    0x1, 0xf8, 0x0, 0x0, 0x0, 0x0, 0x0, 0x3f,
    0x70, 0x0, 0x0, 0x0, 0x0, 0x1, 0xf8, 0x0,
    0x0, 0x0, 0x0, 0x0, 0xe, 0xc0, 0x0, 0x0,
    0x0, 0x0, 0x0, 0x9f, 0x30, 0x0, 0x0, 0x3,
    0xb7, 0x1, 0xee, 0x20, 0x0, 0x2, 0xdf, 0x20,
    0x3, 0xef, 0xa6, 0x69, 0xff, 0x40, 0x0, 0x1,
    0x8d, 0xff, 0xe9, 0x20, 0x0, 0x0, 0x0, 0x7,
    0xa0, 0x0, 0x0, 0x0, 0x0, 0x0, 0x7f, 0xd4,
    0x0, 0x0, 0x0, 0x0, 0x0, 0x8, 0xe0, 0x0,
    0x0, 0x0, 0x0, 0x11, 0x9e, 0x0, 0x0, 0x0,
    0x0, 0x4f, 0xfd, 0x40, 0x0,

    /* U+00C8 "È" */
    0x0, 0x0, 0x0, 0x0, 0x7, 0x80, 0x0, 0x0,
    0x3, 0xde, 0x50, 0x0, 0x0, 0x6, 0xe5, 0x0,
    0x0, 0x0, 0x1, 0x0, 0x9f, 0xff, 0xff, 0xf2,
    0x9f, 0x65, 0x55, 0x50, 0x9f, 0x0, 0x0, 0x0,
    0x9f, 0x0, 0x0, 0x0, 0x9f, 0x0, 0x0, 0x0,
    0x9f, 0x11, 0x11, 0x0, 0x9f, 0xff, 0xff, 0x90,
    0x9f, 0x44, 0x44, 0x20, 0x9f, 0x0, 0x0, 0x0,
    0x9f, 0x0, 0x0, 0x0, 0x9f, 0x0, 0x0, 0x0,
    0x9f, 0x55, 0x55, 0x50, 0x9f, 0xff, 0xff, 0xf2,

    /* U+00C9 "É" */
    0x0, 0x0, 0x0, 0x0, 0x0, 0x1, 0x95, 0x0,
    0x0, 0x7f, 0xc2, 0x0, 0x7, 0xd4, 0x0, 0x0,
    0x1, 0x0, 0x0, 0x0, 0x9f, 0xff, 0xff, 0xf2,
    0x9f, 0x65, 0x55, 0x50, 0x9f, 0x0, 0x0, 0x0,
    0x9f, 0x0, 0x0, 0x0, 0x9f, 0x0, 0x0, 0x0,
    0x9f, 0x11, 0x11, 0x0, 0x9f, 0xff, 0xff, 0x90,
    0x9f, 0x44, 0x44, 0x20, 0x9f, 0x0, 0x0, 0x0,
    0x9f, 0x0, 0x0, 0x0, 0x9f, 0x0, 0x0, 0x0,
    0x9f, 0x55, 0x55, 0x50, 0x9f, 0xff, 0xff, 0xf2,

    /* U+00CA "Ê" */
    0x0, 0x6, 0x10, 0x0, 0x5, 0xed, 0xe6, 0x0,
    0xd, 0x50, 0x4d, 0x10, 0x0, 0x0, 0x0, 0x0,
    0x9f, 0xff, 0xff, 0xf2, 0x9f, 0x65, 0x55, 0x50,
    0x9f, 0x0, 0x0, 0x0, 0x9f, 0x0, 0x0, 0x0,
    0x9f, 0x0, 0x0, 0x0, 0x9f, 0x11, 0x11, 0x0,
    0x9f, 0xff, 0xff, 0x90, 0x9f, 0x44, 0x44, 0x20,
    0x9f, 0x0, 0x0, 0x0, 0x9f, 0x0, 0x0, 0x0,
    0x9f, 0x0, 0x0, 0x0, 0x9f, 0x55, 0x55, 0x50,
    0x9f, 0xff, 0xff, 0xf2,

    /* U+00CB "Ë" */
    0x8, 0xb0, 0x9a, 0x0, 0xa, 0xd0, 0xbc, 0x0,
    0x0, 0x0, 0x0, 0x0, 0x9f, 0xff, 0xff, 0xf2,
    0x9f, 0x65, 0x55, 0x50, 0x9f, 0x0, 0x0, 0x0,
    0x9f, 0x0, 0x0, 0x0, 0x9f, 0x0, 0x0, 0x0,
    0x9f, 0x11, 0x11, 0x0, 0x9f, 0xff, 0xff, 0x90,
    0x9f, 0x44, 0x44, 0x20, 0x9f, 0x0, 0x0, 0x0,
    0x9f, 0x0, 0x0, 0x0, 0x9f, 0x0, 0x0, 0x0,
    0x9f, 0x55, 0x55, 0x50, 0x9f, 0xff, 0xff, 0xf2,

    /* U+00CC "Ì" */
    0x0, 0x0, 0xc5, 0x0, 0x7f, 0xb2, 0x1, 0x8e,
    0x0, 0x1, 0x9, 0xf0, 0x9, 0xf0, 0x9, 0xf0,
    0x9, 0xf0, 0x9, 0xf0, 0x9, 0xf0, 0x9, 0xf0,
    0x9, 0xf0, 0x9, 0xf0, 0x9, 0xf0, 0x9, 0xf0,
    0x9, 0xf0, 0x9, 0xf0,

    /* U+00CD "Í" */
    0x0, 0x0, 0x0, 0x4c, 0x2b, 0xf8, 0xd9, 0x10,
    0x10, 0x0, 0x9, 0xf0, 0x9, 0xf0, 0x9, 0xf0,
    0x9, 0xf0, 0x9, 0xf0, 0x9, 0xf0, 0x9, 0xf0,
    0x9, 0xf0, 0x9, 0xf0, 0x9, 0xf0, 0x9, 0xf0,
    0x9, 0xf0, 0x9, 0xf0,

    /* U+00CE "Î" */
    0x0, 0x26, 0x0, 0x9, 0xfd, 0xd3, 0x4b, 0x20,
    0x7a, 0x0, 0x0, 0x0, 0x0, 0x9f, 0x0, 0x0,
    0x9f, 0x0, 0x0, 0x9f, 0x0, 0x0, 0x9f, 0x0,
    0x0, 0x9f, 0x0, 0x0, 0x9f, 0x0, 0x0, 0x9f,
    0x0, 0x0, 0x9f, 0x0, 0x0, 0x9f, 0x0, 0x0,
    0x9f, 0x0, 0x0, 0x9f, 0x0, 0x0, 0x9f, 0x0,
    0x0, 0x9f, 0x0,

    /* U+00CF "Ï" */
    0xc, 0x61, 0xc5, 0x1e, 0x72, 0xe6, 0x0, 0x0,
    0x0, 0x0, 0x9f, 0x0, 0x0, 0x9f, 0x0, 0x0,
    0x9f, 0x0, 0x0, 0x9f, 0x0, 0x0, 0x9f, 0x0,
    0x0, 0x9f, 0x0, 0x0, 0x9f, 0x0, 0x0, 0x9f,
    0x0, 0x0, 0x9f, 0x0, 0x0, 0x9f, 0x0, 0x0,
    0x9f, 0x0, 0x0, 0x9f, 0x0, 0x0, 0x9f, 0x0,

    /* U+00D0 "Ð" */
    0x4, 0xff, 0xff, 0xec, 0x71, 0x0, 0x0, 0x4f,
    0x95, 0x56, 0x9f, 0xe3, 0x0, 0x4, 0xf5, 0x0,
    0x0, 0x1d, 0xe1, 0x0, 0x4f, 0x50, 0x0, 0x0,
    0x2f, 0xa0, 0x4, 0xf5, 0x0, 0x0, 0x0, 0xaf,
    0x0, 0x4f, 0x50, 0x0, 0x0, 0x7, 0xf2, 0xdf,
    0xff, 0xff, 0xd0, 0x0, 0x6f, 0x46, 0xaf, 0xb8,
    0x86, 0x0, 0x7, 0xf2, 0x4, 0xf5, 0x0, 0x0,
    0x0, 0xaf, 0x0, 0x4f, 0x50, 0x0, 0x0, 0x1f,
    0xa0, 0x4, 0xf5, 0x0, 0x0, 0x1c, 0xf2, 0x0,
    0x4f, 0x84, 0x45, 0x8e, 0xe4, 0x0, 0x4, 0xff,
    0xff, 0xec, 0x71, 0x0, 0x0,

    /* U+00D1 "Ñ" */
    0x0, 0xb, 0xff, 0xfd, 0x10, 0x0, 0x0, 0x22,
    0x22, 0x0, 0x0, 0x9f, 0x50, 0x0, 0x0, 0x6f,
    0x49, 0xfe, 0x10, 0x0, 0x6, 0xf4, 0x9f, 0xf9,
    0x0, 0x0, 0x6f, 0x49, 0xf7, 0xf4, 0x0, 0x6,
    0xf4, 0x9f, 0xc, 0xd0, 0x0, 0x6f, 0x49, 0xf0,
    0x2f, 0x80, 0x6, 0xf4, 0x9f, 0x0, 0x8f, 0x30,
    0x6f, 0x49, 0xf0, 0x0, 0xdc, 0x6, 0xf4, 0x9f,
    0x0, 0x4, 0xf7, 0x6f, 0x49, 0xf0, 0x0, 0x9,
    0xf8, 0xf4, 0x9f, 0x0, 0x0, 0x1e, 0xff, 0x49,
    0xf0, 0x0, 0x0, 0x5f, 0xf4, 0x9f, 0x0, 0x0,
    0x0, 0xbf, 0x40,

    /* U+00D2 "Ò" */
    0x0, 0x0, 0xa, 0x20, 0x0, 0x0, 0x0, 0x0,
    0x0, 0xa, 0xf8, 0x0, 0x0, 0x0, 0x0, 0x0,
    0x0, 0x3c, 0xd0, 0x0, 0x0, 0x0, 0x0, 0x0,
    0x0, 0x30, 0x0, 0x0, 0x0, 0x0, 0x6c, 0xef,
    0xd7, 0x10, 0x0, 0x0, 0x2d, 0xfb, 0x77, 0xaf,
    0xe3, 0x0, 0x0, 0xde, 0x30, 0x0, 0x2, 0xde,
    0x10, 0x8, 0xf4, 0x0, 0x0, 0x0, 0x2f, 0xa0,
    0xe, 0xc0, 0x0, 0x0, 0x0, 0xa, 0xf1, 0x1f,
    0x80, 0x0, 0x0, 0x0, 0x6, 0xf4, 0x3f, 0x70,
    0x0, 0x0, 0x0, 0x5, 0xf5, 0x1f, 0x80, 0x0,
    0x0, 0x0, 0x6, 0xf4, 0xe, 0xc0, 0x0, 0x0,
    0x0, 0xa, 0xf1, 0x8, 0xf4, 0x0, 0x0, 0x0,
    0x2f, 0xa0, 0x0, 0xde, 0x30, 0x0, 0x2, 0xdf,
    0x20, 0x0, 0x2d, 0xfb, 0x77, 0xaf, 0xe3, 0x0,
    0x0, 0x0, 0x6c, 0xef, 0xd7, 0x10, 0x0,

    /* U+00D3 "Ó" */
    0x0, 0x0, 0x0, 0x3, 0xa0, 0x0, 0x0, 0x0,
    0x0, 0x1, 0x9f, 0x90, 0x0, 0x0, 0x0, 0x0,
    0xe, 0xb2, 0x0, 0x0, 0x0, 0x0, 0x0, 0x3,
    0x0, 0x0, 0x0, 0x0, 0x0, 0x0, 0x6c, 0xef,
    0xd7, 0x10, 0x0, 0x0, 0x2d, 0xfb, 0x77, 0xaf,
    0xe3, 0x0, 0x0, 0xde, 0x30, 0x0, 0x2, 0xde,
    0x10, 0x8, 0xf4, 0x0, 0x0, 0x0, 0x2f, 0xa0,
    0xe, 0xc0, 0x0, 0x0, 0x0, 0xa, 0xf1, 0x1f,
    0x80, 0x0, 0x0, 0x0, 0x6, 0xf4, 0x3f, 0x70,
    0x0, 0x0, 0x0, 0x5, 0xf5, 0x1f, 0x80, 0x0,
    0x0, 0x0, 0x6, 0xf4, 0xe, 0xc0, 0x0, 0x0,
    0x0, 0xa, 0xf1, 0x8, 0xf4, 0x0, 0x0, 0x0,
    0x2f, 0xa0, 0x0, 0xde, 0x30, 0x0, 0x2, 0xdf,
    0x20, 0x0, 0x2d, 0xfb, 0x77, 0xaf, 0xe3, 0x0,
    0x0, 0x0, 0x6c, 0xef, 0xd7, 0x10, 0x0,

    /* U+00D4 "Ô" */
    0x0, 0x0, 0x0, 0x13, 0x0, 0x0, 0x0, 0x0,
    0x0, 0x7, 0xff, 0x91, 0x0, 0x0, 0x0, 0x0,
    0x5c, 0x31, 0xa9, 0x0, 0x0, 0x0, 0x0, 0x10,
    0x0, 0x1, 0x0, 0x0, 0x0, 0x0, 0x6c, 0xef,
    0xd7, 0x10, 0x0, 0x0, 0x2d, 0xfb, 0x77, 0xaf,
    0xe3, 0x0, 0x0, 0xde, 0x30, 0x0, 0x2, 0xde,
    0x10, 0x8, 0xf4, 0x0, 0x0, 0x0, 0x2f, 0xa0,
    0xe, 0xc0, 0x0, 0x0, 0x0, 0xa, 0xf1, 0x1f,
    0x80, 0x0, 0x0, 0x0, 0x6, 0xf4, 0x3f, 0x70,
    0x0, 0x0, 0x0, 0x5, 0xf5, 0x1f, 0x80, 0x0,
    0x0, 0x0, 0x6, 0xf4, 0xe, 0xc0, 0x0, 0x0,
    0x0, 0xa, 0xf1, 0x8, 0xf4, 0x0, 0x0, 0x0,
    0x2f, 0xa0, 0x0, 0xde, 0x30, 0x0, 0x2, 0xdf,
    0x20, 0x0, 0x2d, 0xfb, 0x77, 0xaf, 0xe3, 0x0,
    0x0, 0x0, 0x6c, 0xef, 0xd7, 0x10, 0x0,

    /* U+00D5 "Õ" */
    0x0, 0x0, 0xa, 0xe5, 0x1e, 0x0, 0x0, 0x0,
    0x0, 0x5b, 0x4d, 0xf7, 0x0, 0x0, 0x0, 0x0,
    0x11, 0x0, 0x10, 0x0, 0x0, 0x0, 0x0, 0x6c,
    0xef, 0xd7, 0x10, 0x0, 0x0, 0x2d, 0xfb, 0x77,
    0xaf, 0xe3, 0x0, 0x0, 0xde, 0x30, 0x0, 0x2,
    0xde, 0x10, 0x8, 0xf4, 0x0, 0x0, 0x0, 0x2f,
    0xa0, 0xe, 0xc0, 0x0, 0x0, 0x0, 0xa, 0xf1,
    0x1f, 0x80, 0x0, 0x0, 0x0, 0x6, 0xf4, 0x3f,
    0x70, 0x0, 0x0, 0x0, 0x5, 0xf5, 0x1f, 0x80,
    0x0, 0x0, 0x0, 0x6, 0xf4, 0xe, 0xc0, 0x0,
    0x0, 0x0, 0xa, 0xf1, 0x8, 0xf4, 0x0, 0x0,
    0x0, 0x2f, 0xa0, 0x0, 0xde, 0x30, 0x0, 0x2,
    0xdf, 0x20, 0x0, 0x2d, 0xfb, 0x77, 0xaf, 0xe3,
    0x0, 0x0, 0x0, 0x6c, 0xef, 0xd7, 0x10, 0x0,

    /* U+00D6 "Ö" */
    0x0, 0x0, 0x1c, 0x52, 0xc4, 0x0, 0x0, 0x0,
    0x0, 0x2e, 0x63, 0xf5, 0x0, 0x0, 0x0, 0x0,
    0x0, 0x0, 0x0, 0x0, 0x0, 0x0, 0x0, 0x6c,
    0xef, 0xd7, 0x10, 0x0, 0x0, 0x2d, 0xfb, 0x77,
    0xaf, 0xe3, 0x0, 0x0, 0xde, 0x30, 0x0, 0x2,
    0xde, 0x10, 0x8, 0xf4, 0x0, 0x0, 0x0, 0x2f,
    0xa0, 0xe, 0xc0, 0x0, 0x0, 0x0, 0xa, 0xf1,
    0x1f, 0x80, 0x0, 0x0, 0x0, 0x6, 0xf4, 0x3f,
    0x70, 0x0, 0x0, 0x0, 0x5, 0xf5, 0x1f, 0x80,
    0x0, 0x0, 0x0, 0x6, 0xf4, 0xe, 0xc0, 0x0,
    0x0, 0x0, 0xa, 0xf1, 0x8, 0xf4, 0x0, 0x0,
    0x0, 0x2f, 0xa0, 0x0, 0xde, 0x30, 0x0, 0x2,
    0xdf, 0x20, 0x0, 0x2d, 0xfb, 0x77, 0xaf, 0xe3,
    0x0, 0x0, 0x0, 0x6c, 0xef, 0xd7, 0x10, 0x0,

    /* U+00D7 "×" */
    0x2, 0x10, 0x0, 0x3, 0x0, 0xdd, 0x10, 0x6,
    0xf6, 0x3, 0xfd, 0x16, 0xfb, 0x0, 0x3, 0xfe,
    0xfb, 0x0, 0x0, 0x8, 0xff, 0x20, 0x0, 0x6,
    0xfc, 0xfd, 0x10, 0x6, 0xfb, 0x3, 0xfd, 0x10,
    0xcb, 0x0, 0x3, 0xf6, 0x1, 0x0, 0x0, 0x1,
    0x0,

    /* U+00D8 "Ø" */
    0x0, 0x0, 0x6c, 0xef, 0xd8, 0x14, 0xe2, 0x0,
    0x2d, 0xfb, 0x77, 0xaf, 0xee, 0x30, 0x0, 0xde,
    0x30, 0x0, 0x3, 0xff, 0x30, 0x8, 0xf4, 0x0,
    0x0, 0xd, 0x9f, 0xb0, 0xe, 0xc0, 0x0, 0x0,
    0xc8, 0xa, 0xf1, 0x1f, 0x80, 0x0, 0xa, 0xa0,
    0x6, 0xf4, 0x3f, 0x70, 0x0, 0x9b, 0x0, 0x5,
    0xf5, 0x2f, 0x90, 0x7, 0xc0, 0x0, 0x6, 0xf4,
    0xe, 0xc0, 0x6d, 0x10, 0x0, 0xa, 0xf1, 0x8,
    0xf9, 0xe2, 0x0, 0x0, 0x2f, 0xa0, 0x1, 0xef,
    0x60, 0x0, 0x2, 0xde, 0x10, 0x2, 0xee, 0xfb,
    0x77, 0xaf, 0xe3, 0x0, 0x1d, 0x60, 0x7c, 0xff,
    0xd7, 0x10, 0x0,

    /* U+00D9 "Ù" */
    0x0, 0x0, 0x0, 0x0, 0x0, 0x0, 0xd, 0x40,
    0x0, 0x0, 0x0, 0x8, 0xfa, 0x10, 0x0, 0x0,
    0x0, 0x19, 0xc0, 0x0, 0x0, 0x0, 0x0, 0x10,
    0x0, 0xaf, 0x0, 0x0, 0x0, 0xdc, 0xaf, 0x0,
    0x0, 0x0, 0xdc, 0xaf, 0x0, 0x0, 0x0, 0xdc,
    0xaf, 0x0, 0x0, 0x0, 0xdc, 0xaf, 0x0, 0x0,
    0x0, 0xdc, 0xaf, 0x0, 0x0, 0x0, 0xdc, 0xaf,
    0x0, 0x0, 0x0, 0xdc, 0xaf, 0x0, 0x0, 0x0,
    0xdc, 0x9f, 0x0, 0x0, 0x0, 0xec, 0x7f, 0x20,
    0x0, 0x0, 0xfa, 0x2f, 0xa0, 0x0, 0x8, 0xf4,
    0x8, 0xfd, 0x88, 0xcf, 0xa0, 0x0, 0x5c, 0xff,
    0xc6, 0x0,

    /* U+00DA "Ú" */
    0x0, 0x0, 0x0, 0x0, 0x0, 0x0, 0x0, 0x5,
    0xb0, 0x0, 0x0, 0x3, 0xce, 0x60, 0x0, 0x0,
    0xf, 0x81, 0x0, 0x0, 0x0, 0x1, 0x0, 0x0,
    0x0, 0xaf, 0x0, 0x0, 0x0, 0xdc, 0xaf, 0x0,
    0x0, 0x0, 0xdc, 0xaf, 0x0, 0x0, 0x0, 0xdc,
    0xaf, 0x0, 0x0, 0x0, 0xdc, 0xaf, 0x0, 0x0,
    0x0, 0xdc, 0xaf, 0x0, 0x0, 0x0, 0xdc, 0xaf,
    0x0, 0x0, 0x0, 0xdc, 0xaf, 0x0, 0x0, 0x0,
    0xdc, 0x9f, 0x0, 0x0, 0x0, 0xec, 0x7f, 0x20,
    0x0, 0x0, 0xfa, 0x2f, 0xa0, 0x0, 0x8, 0xf4,
    0x8, 0xfd, 0x88, 0xcf, 0xa0, 0x0, 0x5c, 0xff,
    0xc6, 0x0,

    /* U+00DB "Û" */
    0x0, 0x0, 0x45, 0x0, 0x0, 0x0, 0x1a, 0xee,
    0xb2, 0x0, 0x0, 0x6a, 0x10, 0x88, 0x0, 0x0,
    0x0, 0x0, 0x0, 0x0, 0xaf, 0x0, 0x0, 0x0,
    0xdc, 0xaf, 0x0, 0x0, 0x0, 0xdc, 0xaf, 0x0,
    0x0, 0x0, 0xdc, 0xaf, 0x0, 0x0, 0x0, 0xdc,
    0xaf, 0x0, 0x0, 0x0, 0xdc, 0xaf, 0x0, 0x0,
    0x0, 0xdc, 0xaf, 0x0, 0x0, 0x0, 0xdc, 0xaf,
    0x0, 0x0, 0x0, 0xdc, 0x9f, 0x0, 0x0, 0x0,
    0xec, 0x7f, 0x20, 0x0, 0x0, 0xfa, 0x2f, 0xa0,
    0x0, 0x8, 0xf4, 0x8, 0xfd, 0x88, 0xcf, 0xa0,
    0x0, 0x5c, 0xff, 0xc6, 0x0,

    /* U+00DC "Ü" */
    0x0, 0x2c, 0x42, 0xd3, 0x0, 0x0, 0x2e, 0x53,
    0xf5, 0x0, 0x0, 0x0, 0x0, 0x0, 0x0, 0xaf,
    0x0, 0x0, 0x0, 0xdc, 0xaf, 0x0, 0x0, 0x0,
    0xdc, 0xaf, 0x0, 0x0, 0x0, 0xdc, 0xaf, 0x0,
    0x0, 0x0, 0xdc, 0xaf, 0x0, 0x0, 0x0, 0xdc,
    0xaf, 0x0, 0x0, 0x0, 0xdc, 0xaf, 0x0, 0x0,
    0x0, 0xdc, 0xaf, 0x0, 0x0, 0x0, 0xdc, 0x9f,
    0x0, 0x0, 0x0, 0xec, 0x7f, 0x20, 0x0, 0x0,
    0xfa, 0x2f, 0xa0, 0x0, 0x8, 0xf4, 0x8, 0xfd,
    0x88, 0xcf, 0xa0, 0x0, 0x5c, 0xff, 0xc6, 0x0,

    /* U+00DD "Ý" */
    0x0, 0x0, 0x0, 0x0, 0x0, 0x0, 0x0, 0x0,
    0x4d, 0x0, 0x0, 0x0, 0x1, 0xaf, 0x80, 0x0,
    0x0, 0x0, 0xca, 0x10, 0x0, 0x0, 0x0, 0x1,
    0x0, 0x0, 0x0, 0x6, 0xf6, 0x0, 0x0, 0xd,
    0xe0, 0xd, 0xd0, 0x0, 0x5, 0xf6, 0x0, 0x6f,
    0x50, 0x0, 0xde, 0x0, 0x0, 0xdc, 0x0, 0x4f,
    0x60, 0x0, 0x6, 0xf4, 0xc, 0xd0, 0x0, 0x0,
    0xd, 0xb3, 0xf6, 0x0, 0x0, 0x0, 0x5f, 0xdd,
    0x0, 0x0, 0x0, 0x0, 0xdf, 0x60, 0x0, 0x0,
    0x0, 0x8, 0xf1, 0x0, 0x0, 0x0, 0x0, 0x8f,
    0x10, 0x0, 0x0, 0x0, 0x8, 0xf1, 0x0, 0x0,
    0x0, 0x0, 0x8f, 0x10, 0x0, 0x0, 0x0, 0x8,
    0xf1, 0x0, 0x0,

    /* U+00DE "Þ" */
    0x9f, 0x0, 0x0, 0x0, 0x9, 0xf0, 0x0, 0x0,
    0x0, 0x9f, 0x0, 0x0, 0x0, 0x9, 0xff, 0xff,
    0xea, 0x20, 0x9f, 0x54, 0x57, 0xee, 0x29, 0xf0,
    0x0, 0x3, 0xf9, 0x9f, 0x0, 0x0, 0xf, 0xc9,
    0xf0, 0x0, 0x1, 0xfa, 0x9f, 0x11, 0x13, 0xcf,
    0x49, 0xff, 0xff, 0xfe, 0x50, 0x9f, 0x44, 0x32,
    0x0, 0x9, 0xf0, 0x0, 0x0, 0x0, 0x9f, 0x0,
    0x0, 0x0, 0x0,

    /* U+00DF "ß" */
    0x4, 0xbf, 0xfd, 0x81, 0x0, 0x4, 0xfd, 0x76,
    0x9f, 0xc0, 0x0, 0xcf, 0x10, 0x0, 0x8f, 0x30,
    0xe, 0xc0, 0x0, 0x9, 0xf1, 0x0, 0xeb, 0x0,
    0x7, 0xf7, 0x0, 0xe, 0xb0, 0x7, 0xf5, 0x0,
    0x0, 0xeb, 0x0, 0xed, 0x0, 0x0, 0xe, 0xb0,
    0x9, 0xfc, 0x61, 0x0, 0xeb, 0x0, 0x4, 0xaf,
    0xf5, 0xe, 0xb0, 0x0, 0x0, 0x1c, 0xf1, 0xeb,
    0xb, 0xe0, 0x0, 0x8f, 0x2e, 0xb0, 0x4f, 0xb5,
    0x6e, 0xd0, 0xeb, 0x0, 0x5c, 0xfe, 0xa2, 0x0,

    /* U+00E0 "à" */
    0x0, 0x0, 0x0, 0x0, 0x0, 0x0, 0x0, 0xb,
    0x20, 0x0, 0x0, 0x0, 0x0, 0xaf, 0x91, 0x0,
    0x0, 0x0, 0x0, 0x3b, 0xc0, 0x0, 0x0, 0x0,
    0x0, 0x2, 0x0, 0x0, 0x1, 0x8d, 0xfd, 0x80,
    0xec, 0x1, 0xdf, 0xb7, 0x8e, 0xce, 0xc0, 0xaf,
    0x60, 0x0, 0xc, 0xfc, 0xf, 0xb0, 0x0, 0x0,
    0x3f, 0xc2, 0xf8, 0x0, 0x0, 0x0, 0xec, 0x2f,
    0x70, 0x0, 0x0, 0xe, 0xc0, 0xfb, 0x0, 0x0,
    0x2, 0xfc, 0x9, 0xf4, 0x0, 0x0, 0xaf, 0xc0,
    0x1d, 0xf8, 0x56, 0xcc, 0xec, 0x0, 0x18, 0xef,
    0xd8, 0xe, 0xc0,

    /* U+00E1 "á" */
    0x0, 0x0, 0x0, 0x0, 0x0, 0x0, 0x0, 0x0,
    0x3, 0xa0, 0x0, 0x0, 0x0, 0x1a, 0xf8, 0x0,
    0x0, 0x0, 0xf, 0xa2, 0x0, 0x0, 0x0, 0x0,
    0x20, 0x0, 0x0, 0x0, 0x1, 0x8d, 0xfd, 0x80,
    0xec, 0x1, 0xdf, 0xb7, 0x8e, 0xce, 0xc0, 0xaf,
    0x60, 0x0, 0xc, 0xfc, 0xf, 0xb0, 0x0, 0x0,
    0x3f, 0xc2, 0xf8, 0x0, 0x0, 0x0, 0xec, 0x2f,
    0x70, 0x0, 0x0, 0xe, 0xc0, 0xfb, 0x0, 0x0,
    0x2, 0xfc, 0x9, 0xf4, 0x0, 0x0, 0xaf, 0xc0,
    0x1d, 0xf8, 0x56, 0xcc, 0xec, 0x0, 0x18, 0xef,
    0xd8, 0xe, 0xc0,

    /* U+00E2 "â" */
    0x0, 0x0, 0x2, 0x40, 0x0, 0x0, 0x0, 0x8,
    0xfe, 0xa1, 0x0, 0x0, 0x6, 0xb2, 0x19, 0x90,
    0x0, 0x0, 0x10, 0x0, 0x1, 0x0, 0x0, 0x18,
    0xdf, 0xd8, 0xe, 0xc0, 0x1d, 0xfb, 0x78, 0xec,
    0xec, 0xa, 0xf6, 0x0, 0x0, 0xcf, 0xc0, 0xfb,
    0x0, 0x0, 0x3, 0xfc, 0x2f, 0x80, 0x0, 0x0,
    0xe, 0xc2, 0xf7, 0x0, 0x0, 0x0, 0xec, 0xf,
    0xb0, 0x0, 0x0, 0x2f, 0xc0, 0x9f, 0x40, 0x0,
    0xa, 0xfc, 0x1, 0xdf, 0x85, 0x6c, 0xce, 0xc0,
    0x1, 0x8e, 0xfd, 0x80, 0xec,

    /* U+00E3 "ã" */
    0x0, 0x0, 0xbe, 0x51, 0xe0, 0x0, 0x0, 0x6a,
    0x3d, 0xf6, 0x0, 0x0, 0x1, 0x0, 0x1, 0x0,
    0x0, 0x1, 0x8d, 0xfd, 0x80, 0xec, 0x1, 0xdf,
    0xb7, 0x8e, 0xce, 0xc0, 0xaf, 0x60, 0x0, 0xc,
    0xfc, 0xf, 0xb0, 0x0, 0x0, 0x3f, 0xc2, 0xf8,
    0x0, 0x0, 0x0, 0xec, 0x2f, 0x70, 0x0, 0x0,
    0xe, 0xc0, 0xfb, 0x0, 0x0, 0x2, 0xfc, 0x9,
    0xf4, 0x0, 0x0, 0xaf, 0xc0, 0x1d, 0xf8, 0x56,
    0xcc, 0xec, 0x0, 0x18, 0xef, 0xd8, 0xe, 0xc0,

    /* U+00E4 "ä" */
    0x0, 0x2, 0xe6, 0x3f, 0x50, 0x0, 0x0, 0x2d,
    0x52, 0xd4, 0x0, 0x0, 0x0, 0x0, 0x0, 0x0,
    0x0, 0x1, 0x8d, 0xfd, 0x80, 0xec, 0x1, 0xdf,
    0xb7, 0x8e, 0xce, 0xc0, 0xaf, 0x60, 0x0, 0xc,
    0xfc, 0xf, 0xb0, 0x0, 0x0, 0x3f, 0xc2, 0xf8,
    0x0, 0x0, 0x0, 0xec, 0x2f, 0x70, 0x0, 0x0,
    0xe, 0xc0, 0xfb, 0x0, 0x0, 0x2, 0xfc, 0x9,
    0xf4, 0x0, 0x0, 0xaf, 0xc0, 0x1d, 0xf8, 0x56,
    0xcc, 0xec, 0x0, 0x18, 0xef, 0xd8, 0xe, 0xc0,

    /* U+00E5 "å" */
    0x0, 0x0, 0x2c, 0xd5, 0x0, 0x0, 0x0, 0xb,
    0x41, 0xe0, 0x0, 0x0, 0x0, 0xb4, 0x1e, 0x0,
    0x0, 0x0, 0x2, 0xcd, 0x50, 0x0, 0x0, 0x0,
    0x0, 0x0, 0x0, 0x0, 0x1, 0x8d, 0xfd, 0x80,
    0xec, 0x1, 0xdf, 0xb7, 0x8e, 0xce, 0xc0, 0xaf,
    0x60, 0x0, 0xc, 0xfc, 0xf, 0xb0, 0x0, 0x0,
    0x3f, 0xc2, 0xf8, 0x0, 0x0, 0x0, 0xec, 0x2f,
    0x70, 0x0, 0x0, 0xe, 0xc0, 0xfb, 0x0, 0x0,
    0x2, 0xfc, 0x9, 0xf4, 0x0, 0x0, 0xaf, 0xc0,
    0x1d, 0xf8, 0x56, 0xcc, 0xec, 0x0, 0x18, 0xef,
    0xd8, 0xe, 0xc0,

    /* U+00E6 "æ" */
    0x0, 0x8, 0xdf, 0xe8, 0xc, 0x91, 0xae, 0xfd,
    0x80, 0x0, 0x1d, 0xfa, 0x67, 0xdd, 0xdb, 0xec,
    0x76, 0xaf, 0xd0, 0xa, 0xf5, 0x0, 0x0, 0xcf,
    0xf8, 0x0, 0x0, 0x4f, 0x80, 0xfb, 0x0, 0x0,
    0x2, 0xfe, 0x0, 0x0, 0x0, 0xce, 0x2f, 0x80,
    0x0, 0x0, 0xe, 0xff, 0xff, 0xff, 0xff, 0xf2,
    0xf8, 0x0, 0x0, 0x0, 0xee, 0x33, 0x33, 0x33,
    0x32, 0xf, 0xb0, 0x0, 0x0, 0x2f, 0xf2, 0x0,
    0x0, 0x5, 0x40, 0x9f, 0x50, 0x0, 0xb, 0xff,
    0xb0, 0x0, 0x7, 0xf6, 0x1, 0xdf, 0xa6, 0x7d,
    0xbd, 0xad, 0xd7, 0x6a, 0xfb, 0x0, 0x1, 0x8e,
    0xfd, 0x70, 0xd9, 0x19, 0xef, 0xd7, 0x0,

    /* U+00E7 "ç" */
    0x0, 0x8, 0xdf, 0xda, 0x20, 0x0, 0x1d, 0xf9,
    0x68, 0xef, 0x30, 0x9, 0xf4, 0x0, 0x2, 0xfc,
    0x0, 0xfb, 0x0, 0x0, 0x3, 0x50, 0x2f, 0x80,
    0x0, 0x0, 0x0, 0x2, 0xf8, 0x0, 0x0, 0x0,
    0x0, 0xf, 0xa0, 0x0, 0x0, 0x12, 0x0, 0xaf,
    0x20, 0x0, 0x1e, 0xd0, 0x2, 0xef, 0x74, 0x6d,
    0xf4, 0x0, 0x2, 0xaf, 0xff, 0xc3, 0x0, 0x0,
    0x0, 0xf, 0x10, 0x0, 0x0, 0x0, 0x0, 0xff,
    0x90, 0x0, 0x0, 0x0, 0x0, 0x2f, 0x40, 0x0,
    0x0, 0x0, 0x13, 0xf4, 0x0, 0x0, 0x0, 0xdf,
    0xf9, 0x0, 0x0,

    /* U+00E8 "è" */
    0x0, 0x0, 0x0, 0x0, 0x0, 0x0, 0x0, 0x67,
    0x0, 0x0, 0x0, 0x0, 0x4, 0xed, 0x40, 0x0,
    0x0, 0x0, 0x0, 0x7e, 0x40, 0x0, 0x0, 0x0,
    0x0, 0x1, 0x0, 0x0, 0x0, 0x8d, 0xfe, 0xa3,
    0x0, 0x1, 0xdf, 0x96, 0x8e, 0xf4, 0x0, 0xaf,
    0x20, 0x0, 0xc, 0xe0, 0xf, 0xa1, 0x11, 0x11,
    0x6f, 0x42, 0xff, 0xff, 0xff, 0xff, 0xf5, 0x2f,
    0xa4, 0x44, 0x44, 0x44, 0x10, 0xfb, 0x0, 0x0,
    0x3, 0x50, 0x9, 0xf5, 0x0, 0x1, 0xed, 0x0,
    0x1d, 0xfa, 0x68, 0xef, 0x30, 0x0, 0x8, 0xdf,
    0xea, 0x20, 0x0,

    /* U+00E9 "é" */
    0x0, 0x0, 0x0, 0x0, 0x0, 0x0, 0x0, 0x0,
    0x8, 0x50, 0x0, 0x0, 0x0, 0x5e, 0xd2, 0x0,
    0x0, 0x0, 0x7e, 0x60, 0x0, 0x0, 0x0, 0x2,
    0x0, 0x0, 0x0, 0x0, 0x0, 0x8d, 0xfe, 0xa3,
    0x0, 0x1, 0xdf, 0x96, 0x8e, 0xf4, 0x0, 0xaf,
    0x20, 0x0, 0xc, 0xe0, 0xf, 0xa1, 0x11, 0x11,
    0x6f, 0x42, 0xff, 0xff, 0xff, 0xff, 0xf5, 0x2f,
    0xa4, 0x44, 0x44, 0x44, 0x10, 0xfb, 0x0, 0x0,
    0x3, 0x50, 0x9, 0xf5, 0x0, 0x1, 0xed, 0x0,
    0x1d, 0xfa, 0x68, 0xef, 0x30, 0x0, 0x8, 0xdf,
    0xea, 0x20, 0x0,

    /* U+00EA "ê" */
    0x0, 0x0, 0x5, 0x0, 0x0, 0x0, 0x0, 0x3d,
    0xee, 0x50, 0x0, 0x0, 0xd, 0x60, 0x5e, 0x10,
    0x0, 0x0, 0x10, 0x0, 0x0, 0x0, 0x0, 0x8,
    0xdf, 0xea, 0x30, 0x0, 0x1d, 0xf9, 0x68, 0xef,
    0x40, 0xa, 0xf2, 0x0, 0x0, 0xce, 0x0, 0xfa,
    0x11, 0x11, 0x16, 0xf4, 0x2f, 0xff, 0xff, 0xff,
    0xff, 0x52, 0xfa, 0x44, 0x44, 0x44, 0x41, 0xf,
    0xb0, 0x0, 0x0, 0x35, 0x0, 0x9f, 0x50, 0x0,
    0x1e, 0xd0, 0x1, 0xdf, 0xa6, 0x8e, 0xf3, 0x0,
    0x0, 0x8d, 0xfe, 0xa2, 0x0,

    /* U+00EB "ë" */
    0x0, 0x9, 0xd0, 0xac, 0x0, 0x0, 0x0, 0x8b,
    0x9, 0xa0, 0x0, 0x0, 0x0, 0x0, 0x0, 0x0,
    0x0, 0x0, 0x8d, 0xfe, 0xa3, 0x0, 0x1, 0xdf,
    0x96, 0x8e, 0xf4, 0x0, 0xaf, 0x20, 0x0, 0xc,
    0xe0, 0xf, 0xa1, 0x11, 0x11, 0x6f, 0x42, 0xff,
    0xff, 0xff, 0xff, 0xf5, 0x2f, 0xa4, 0x44, 0x44,
    0x44, 0x10, 0xfb, 0x0, 0x0, 0x3, 0x50, 0x9,
    0xf5, 0x0, 0x1, 0xed, 0x0, 0x1d, 0xfa, 0x68,
    0xef, 0x30, 0x0, 0x8, 0xdf, 0xea, 0x20, 0x0,

    /* U+00EC "ì" */
    0x0, 0x0, 0xc6, 0x0, 0x6e, 0xc3, 0x0, 0x7e,
    0x0, 0x1, 0x9, 0xf0, 0x9, 0xf0, 0x9, 0xf0,
    0x9, 0xf0, 0x9, 0xf0, 0x9, 0xf0, 0x9, 0xf0,
    0x9, 0xf0, 0x9, 0xf0, 0x9, 0xf0,

    /* U+00ED "í" */
    0x0, 0x0, 0x0, 0x5d, 0x3c, 0xe7, 0xd8, 0x10,
    0x10, 0x0, 0x9, 0xf0, 0x9, 0xf0, 0x9, 0xf0,
    0x9, 0xf0, 0x9, 0xf0, 0x9, 0xf0, 0x9, 0xf0,
    0x9, 0xf0, 0x9, 0xf0, 0x9, 0xf0,

    /* U+00EE "î" */
    0x0, 0x37, 0x0, 0x1a, 0xec, 0xd4, 0x4a, 0x10,
    0x69, 0x0, 0x0, 0x0, 0x0, 0x9f, 0x0, 0x0,
    0x9f, 0x0, 0x0, 0x9f, 0x0, 0x0, 0x9f, 0x0,
    0x0, 0x9f, 0x0, 0x0, 0x9f, 0x0, 0x0, 0x9f,
    0x0, 0x0, 0x9f, 0x0, 0x0, 0x9f, 0x0, 0x0,
    0x9f, 0x0,

    /* U+00EF "ï" */
    0x1e, 0x72, 0xe6, 0x1c, 0x61, 0xd5, 0x0, 0x0,
    0x0, 0x0, 0x9f, 0x0, 0x0, 0x9f, 0x0, 0x0,
    0x9f, 0x0, 0x0, 0x9f, 0x0, 0x0, 0x9f, 0x0,
    0x0, 0x9f, 0x0, 0x0, 0x9f, 0x0, 0x0, 0x9f,
    0x0, 0x0, 0x9f, 0x0, 0x0, 0x9f, 0x0,

    /* U+00F0 "ð" */
    0x0, 0x0, 0x0, 0x0, 0x0, 0x0, 0x0, 0x0,
    0x5e, 0x79, 0xc0, 0x0, 0x0, 0x2a, 0xcf, 0x90,
    0x0, 0x0, 0x1, 0x20, 0x5f, 0x30, 0x0, 0x8,
    0xdf, 0xe8, 0xbc, 0x0, 0x1d, 0xfa, 0x68, 0xee,
    0xf3, 0xa, 0xf4, 0x0, 0x0, 0xcf, 0x80, 0xfb,
    0x0, 0x0, 0x4, 0xfa, 0x2f, 0x70, 0x0, 0x0,
    0xf, 0xb2, 0xf8, 0x0, 0x0, 0x0, 0xf9, 0xf,
    0xb0, 0x0, 0x0, 0x3f, 0x60, 0x9f, 0x40, 0x0,
    0xc, 0xe1, 0x1, 0xdf, 0x96, 0x7d, 0xf5, 0x0,
    0x0, 0x8d, 0xfe, 0xa3, 0x0,

    /* U+00F1 "ñ" */
    0x0, 0x3e, 0xc2, 0x69, 0x0, 0x0, 0xb6, 0x6f,
    0xe3, 0x0, 0x0, 0x10, 0x0, 0x0, 0x0, 0x9f,
    0x2a, 0xef, 0xc5, 0x0, 0x9f, 0xe9, 0x45, 0xcf,
    0x60, 0x9f, 0x80, 0x0, 0xd, 0xe0, 0x9f, 0x20,
    0x0, 0x8, 0xf2, 0x9f, 0x0, 0x0, 0x6, 0xf3,
    0x9f, 0x0, 0x0, 0x6, 0xf3, 0x9f, 0x0, 0x0,
    0x6, 0xf3, 0x9f, 0x0, 0x0, 0x6, 0xf3, 0x9f,
    0x0, 0x0, 0x6, 0xf3, 0x9f, 0x0, 0x0, 0x6,
    0xf3,

    /* U+00F2 "ò" */
    0x0, 0x0, 0x0, 0x0, 0x0, 0x0, 0x0, 0x4a,
    0x20, 0x0, 0x0, 0x0, 0x1, 0xbf, 0x80, 0x0,
    0x0, 0x0, 0x0, 0x3c, 0x80, 0x0, 0x0, 0x0,
    0x0, 0x1, 0x0, 0x0, 0x0, 0x7d, 0xfe, 0xa3,
    0x0, 0x0, 0xcf, 0xa7, 0x8e, 0xf6, 0x0, 0x9f,
    0x50, 0x0, 0xc, 0xf2, 0xf, 0xb0, 0x0, 0x0,
    0x3f, 0x82, 0xf8, 0x0, 0x0, 0x0, 0xfb, 0x2f,
    0x80, 0x0, 0x0, 0xf, 0xa0, 0xfb, 0x0, 0x0,
    0x3, 0xf8, 0x9, 0xf4, 0x0, 0x1, 0xcf, 0x20,
    0x1d, 0xfa, 0x78, 0xef, 0x50, 0x0, 0x8, 0xdf,
    0xea, 0x30, 0x0,

    /* U+00F3 "ó" */
    0x0, 0x0, 0x0, 0x0, 0x0, 0x0, 0x0, 0x0,
    0x8, 0x80, 0x0, 0x0, 0x0, 0x6e, 0xc3, 0x0,
    0x0, 0x0, 0x4d, 0x50, 0x0, 0x0, 0x0, 0x1,
    0x0, 0x0, 0x0, 0x0, 0x0, 0x7d, 0xfe, 0xa3,
    0x0, 0x0, 0xcf, 0xa7, 0x8e, 0xf6, 0x0, 0x9f,
    0x50, 0x0, 0xc, 0xf2, 0xf, 0xb0, 0x0, 0x0,
    0x3f, 0x82, 0xf8, 0x0, 0x0, 0x0, 0xfb, 0x2f,
    0x80, 0x0, 0x0, 0xf, 0xa0, 0xfb, 0x0, 0x0,
    0x3, 0xf8, 0x9, 0xf4, 0x0, 0x1, 0xcf, 0x20,
    0x1d, 0xfa, 0x78, 0xef, 0x50, 0x0, 0x8, 0xdf,
    0xea, 0x30, 0x0,

    /* U+00F4 "ô" */
    0x0, 0x0, 0x6, 0x30, 0x0, 0x0, 0x0, 0x3d,
    0xdf, 0x90, 0x0, 0x0, 0xa, 0x60, 0x1b, 0x40,
    0x0, 0x0, 0x0, 0x0, 0x0, 0x0, 0x0, 0x7,
    0xdf, 0xea, 0x30, 0x0, 0xc, 0xfa, 0x78, 0xef,
    0x60, 0x9, 0xf5, 0x0, 0x0, 0xcf, 0x20, 0xfb,
    0x0, 0x0, 0x3, 0xf8, 0x2f, 0x80, 0x0, 0x0,
    0xf, 0xb2, 0xf8, 0x0, 0x0, 0x0, 0xfa, 0xf,
    0xb0, 0x0, 0x0, 0x3f, 0x80, 0x9f, 0x40, 0x0,
    0x1c, 0xf2, 0x1, 0xdf, 0xa7, 0x8e, 0xf5, 0x0,
    0x0, 0x8d, 0xfe, 0xa3, 0x0,

    /* U+00F5 "õ" */
    0x0, 0x7, 0xff, 0xff, 0x60, 0x0, 0x0, 0x11,
    0x11, 0x0, 0x0, 0x0, 0x0, 0x0, 0x0, 0x0,
    0x0, 0x0, 0x7d, 0xfe, 0xa3, 0x0, 0x0, 0xcf,
    0xa7, 0x8e, 0xf6, 0x0, 0x9f, 0x50, 0x0, 0xc,
    0xf2, 0xf, 0xb0, 0x0, 0x0, 0x3f, 0x82, 0xf8,
    0x0, 0x0, 0x0, 0xfb, 0x2f, 0x80, 0x0, 0x0,
    0xf, 0xa0, 0xfb, 0x0, 0x0, 0x3, 0xf8, 0x9,
    0xf4, 0x0, 0x1, 0xcf, 0x20, 0x1d, 0xfa, 0x78,
    0xef, 0x50, 0x0, 0x8, 0xdf, 0xea, 0x30, 0x0,

    /* U+00F6 "ö" */
    0x0, 0x6, 0xe1, 0x8e, 0x10, 0x0, 0x0, 0x5c,
    0x16, 0xc0, 0x0, 0x0, 0x0, 0x0, 0x0, 0x0,
    0x0, 0x0, 0x7d, 0xfe, 0xa3, 0x0, 0x0, 0xcf,
    0xa7, 0x8e, 0xf6, 0x0, 0x9f, 0x50, 0x0, 0xc,
    0xf2, 0xf, 0xb0, 0x0, 0x0, 0x3f, 0x82, 0xf8,
    0x0, 0x0, 0x0, 0xfb, 0x2f, 0x80, 0x0, 0x0,
    0xf, 0xa0, 0xfb, 0x0, 0x0, 0x3, 0xf8, 0x9,
    0xf4, 0x0, 0x1, 0xcf, 0x20, 0x1d, 0xfa, 0x78,
    0xef, 0x50, 0x0, 0x8, 0xdf, 0xea, 0x30, 0x0,

    /* U+00F7 "÷" */
    0x0, 0x0, 0xcd, 0x0, 0x0, 0x0, 0x0, 0xef,
    0x0, 0x0, 0x0, 0x0, 0x11, 0x0, 0x0, 0x1,
    0x11, 0x11, 0x11, 0x10, 0x9f, 0xff, 0xff, 0xff,
    0xf9, 0x24, 0x44, 0x44, 0x44, 0x42, 0x0, 0x0,
    0x0, 0x0, 0x0, 0x0, 0x0, 0x11, 0x0, 0x0,
    0x0, 0x0, 0xef, 0x0, 0x0, 0x0, 0x0, 0xcd,
    0x0, 0x0,

    /* U+00F8 "ø" */
    0x0, 0x7, 0xdf, 0xeb, 0x3a, 0x60, 0xc, 0xfa,
    0x78, 0xef, 0xb0, 0x9, 0xf5, 0x0, 0x8, 0xff,
    0x20, 0xfb, 0x0, 0x6, 0xb3, 0xf8, 0x2f, 0x80,
    0x5, 0xc0, 0xf, 0xb2, 0xf8, 0x4, 0xc1, 0x0,
    0xfa, 0xf, 0xb3, 0xd1, 0x0, 0x3f, 0x70, 0x9f,
    0xd2, 0x0, 0x1c, 0xf1, 0x3, 0xff, 0xa7, 0x8e,
    0xf5, 0x0, 0xd4, 0x7d, 0xfe, 0xa3, 0x0,

    /* U+00F9 "ù" */
    0x0, 0x0, 0x0, 0x0, 0x0, 0x0, 0x5b, 0x20,
    0x0, 0x0, 0x0, 0x1a, 0xf9, 0x10, 0x0, 0x0,
    0x0, 0x3b, 0x80, 0x0, 0x0, 0x0, 0x0, 0x10,
    0x0, 0xbe, 0x0, 0x0, 0x8, 0xf2, 0xbe, 0x0,
    0x0, 0x8, 0xf2, 0xbe, 0x0, 0x0, 0x8, 0xf2,
    0xbe, 0x0, 0x0, 0x8, 0xf2, 0xbe, 0x0, 0x0,
    0x8, 0xf2, 0xbe, 0x0, 0x0, 0x8, 0xf2, 0xaf,
    0x0, 0x0, 0xa, 0xf2, 0x6f, 0x60, 0x0, 0x1f,
    0xf2, 0xd, 0xf8, 0x56, 0xee, 0xf2, 0x1, 0x9e,
    0xfd, 0x68, 0xf2,

    /* U+00FA "ú" */
    0x0, 0x0, 0x0, 0x0, 0x0, 0x0, 0x0, 0x19,
    0x80, 0x0, 0x0, 0x7, 0xfc, 0x30, 0x0, 0x0,
    0x4d, 0x40, 0x0, 0x0, 0x0, 0x0, 0x0, 0x0,
    0x0, 0xbe, 0x0, 0x0, 0x8, 0xf2, 0xbe, 0x0,
    0x0, 0x8, 0xf2, 0xbe, 0x0, 0x0, 0x8, 0xf2,
    0xbe, 0x0, 0x0, 0x8, 0xf2, 0xbe, 0x0, 0x0,
    0x8, 0xf2, 0xbe, 0x0, 0x0, 0x8, 0xf2, 0xaf,
    0x0, 0x0, 0xa, 0xf2, 0x6f, 0x60, 0x0, 0x1f,
    0xf2, 0xd, 0xf8, 0x56, 0xee, 0xf2, 0x1, 0x9e,
    0xfd, 0x68, 0xf2,

    /* U+00FB "û" */
    0x0, 0x0, 0x73, 0x0, 0x0, 0x0, 0x4d, 0xce,
    0xa1, 0x0, 0x0, 0xa5, 0x1, 0xa4, 0x0, 0x0,
    0x0, 0x0, 0x0, 0x0, 0xbe, 0x0, 0x0, 0x8,
    0xf2, 0xbe, 0x0, 0x0, 0x8, 0xf2, 0xbe, 0x0,
    0x0, 0x8, 0xf2, 0xbe, 0x0, 0x0, 0x8, 0xf2,
    0xbe, 0x0, 0x0, 0x8, 0xf2, 0xbe, 0x0, 0x0,
    0x8, 0xf2, 0xaf, 0x0, 0x0, 0xa, 0xf2, 0x6f,
    0x60, 0x0, 0x1f, 0xf2, 0xd, 0xf8, 0x56, 0xee,
    0xf2, 0x1, 0x9e, 0xfd, 0x68, 0xf2,

    /* U+00FC "ü" */
    0x0, 0x6e, 0x18, 0xe1, 0x0, 0x0, 0x5c, 0x16,
    0xc0, 0x0, 0x0, 0x0, 0x0, 0x0, 0x0, 0xbe,
    0x0, 0x0, 0x8, 0xf2, 0xbe, 0x0, 0x0, 0x8,
    0xf2, 0xbe, 0x0, 0x0, 0x8, 0xf2, 0xbe, 0x0,
    0x0, 0x8, 0xf2, 0xbe, 0x0, 0x0, 0x8, 0xf2,
    0xbe, 0x0, 0x0, 0x8, 0xf2, 0xaf, 0x0, 0x0,
    0xa, 0xf2, 0x6f, 0x60, 0x0, 0x1f, 0xf2, 0xd,
    0xf8, 0x56, 0xee, 0xf2, 0x1, 0x9e, 0xfd, 0x68,
    0xf2,

    /* U+00FD "ý" */
    0x0, 0x0, 0x0, 0x0, 0x0, 0x0, 0x0, 0x6,
    0xc0, 0x0, 0x0, 0x4, 0xde, 0x50, 0x0, 0x0,
    0xe, 0x70, 0x0, 0x0, 0x0, 0x0, 0x0, 0x0,
    0x0, 0x9f, 0x30, 0x0, 0x0, 0xfa, 0x3f, 0x90,
    0x0, 0x5, 0xf4, 0xc, 0xe0, 0x0, 0xb, 0xe0,
    0x6, 0xf5, 0x0, 0x1f, 0x70, 0x0, 0xfb, 0x0,
    0x7f, 0x10, 0x0, 0x9f, 0x10, 0xdb, 0x0, 0x0,
    0x3f, 0x73, 0xf4, 0x0, 0x0, 0xd, 0xd9, 0xe0,
    0x0, 0x0, 0x7, 0xff, 0x80, 0x0, 0x0, 0x1,
    0xff, 0x10, 0x0, 0x0, 0x0, 0xfb, 0x0, 0x0,
    0x0, 0x5, 0xf5, 0x0, 0x0, 0x0, 0xc, 0xe0,
    0x0, 0x0, 0x0, 0x2f, 0x80, 0x0, 0x0, 0x0,
    0x8f, 0x20, 0x0, 0x0,

    /* U+00FE "þ" */
    0x9f, 0x0, 0x0, 0x0, 0x0, 0x9, 0xf0, 0x0,
    0x0, 0x0, 0x0, 0x9f, 0x0, 0x0, 0x0, 0x0,
    0x9, 0xf0, 0x5c, 0xfe, 0x92, 0x0, 0x9f, 0x7e,
    0x97, 0xaf, 0xe2, 0x9, 0xfd, 0x10, 0x0, 0x3f,
    0xc0, 0x9f, 0x50, 0x0, 0x0, 0x9f, 0x29, 0xf1,
    0x0, 0x0, 0x5, 0xf5, 0x9f, 0x10, 0x0, 0x0,
    0x5f, 0x59, 0xf5, 0x0, 0x0, 0x9, 0xf2, 0x9f,
    0xd1, 0x0, 0x4, 0xfc, 0x9, 0xf7, 0xe9, 0x7a,
    0xfe, 0x20, 0x9f, 0x5, 0xcf, 0xea, 0x20, 0x9,
    0xf0, 0x0, 0x0, 0x0, 0x0, 0x9f, 0x0, 0x0,
    0x0, 0x0, 0x9, 0xf0, 0x0, 0x0, 0x0, 0x0,
    0x9f, 0x0, 0x0, 0x0, 0x0, 0x9, 0xf0, 0x0,
    0x0, 0x0, 0x0,

    /* U+00FF "ÿ" */
    0x0, 0x2e, 0x53, 0xf4, 0x0, 0x0, 0x2d, 0x43,
    0xd3, 0x0, 0x0, 0x0, 0x0, 0x0, 0x0, 0x9f,
    0x30, 0x0, 0x0, 0xfa, 0x3f, 0x90, 0x0, 0x5,
    0xf4, 0xc, 0xe0, 0x0, 0xb, 0xe0, 0x6, 0xf5,
    0x0, 0x1f, 0x70, 0x0, 0xfb, 0x0, 0x7f, 0x10,
    0x0, 0x9f, 0x10, 0xdb, 0x0, 0x0, 0x3f, 0x73,
    0xf4, 0x0, 0x0, 0xd, 0xd9, 0xe0, 0x0, 0x0,
    0x7, 0xff, 0x80, 0x0, 0x0, 0x1, 0xff, 0x10,
    0x0, 0x0, 0x0, 0xfb, 0x0, 0x0, 0x0, 0x5,
    0xf5, 0x0, 0x0, 0x0, 0xc, 0xe0, 0x0, 0x0,
    0x0, 0x2f, 0x80, 0x0, 0x0, 0x0, 0x8f, 0x20,
    0x0, 0x0,

    /* U+0100 "Ā" */
    0x0, 0x0, 0x0, 0x0, 0x0, 0x0, 0x0, 0x1f,
    0xff, 0xff, 0xf3, 0x0, 0x0, 0x3, 0x33, 0x33,
    0x30, 0x0, 0x0, 0x0, 0x1f, 0xf2, 0x0, 0x0,
    0x0, 0x0, 0x6f, 0xf8, 0x0, 0x0, 0x0, 0x0,
    0xbe, 0xde, 0x0, 0x0, 0x0, 0x1, 0xf9, 0x7f,
    0x30, 0x0, 0x0, 0x7, 0xf4, 0x2f, 0x90, 0x0,
    0x0, 0xc, 0xe0, 0xd, 0xe0, 0x0, 0x0, 0x2f,
    0x90, 0x7, 0xf4, 0x0, 0x0, 0x7f, 0x40, 0x2,
    0xf9, 0x0, 0x0, 0xdf, 0x11, 0x11, 0xdf, 0x0,
    0x3, 0xff, 0xff, 0xff, 0xff, 0x50, 0x8, 0xf6,
    0x44, 0x44, 0x4f, 0xa0, 0xe, 0xd0, 0x0, 0x0,
    0xb, 0xf0, 0x3f, 0x80, 0x0, 0x0, 0x5, 0xf5,

    /* U+0101 "ā" */
    0x0, 0x1f, 0xff, 0xff, 0xf4, 0x0, 0x0, 0x33,
    0x33, 0x33, 0x0, 0x0, 0x0, 0x0, 0x0, 0x0,
    0x0, 0x1, 0x8d, 0xfd, 0x80, 0xec, 0x1, 0xdf,
    0xb7, 0x8e, 0xce, 0xc0, 0xaf, 0x60, 0x0, 0xc,
    0xfc, 0xf, 0xb0, 0x0, 0x0, 0x3f, 0xc2, 0xf8,
    0x0, 0x0, 0x0, 0xec, 0x2f, 0x70, 0x0, 0x0,
    0xe, 0xc0, 0xfb, 0x0, 0x0, 0x2, 0xfc, 0x9,
    0xf4, 0x0, 0x0, 0xaf, 0xc0, 0x1d, 0xf8, 0x56,
    0xcc, 0xec, 0x0, 0x18, 0xef, 0xd8, 0xe, 0xc0,

    /* U+0102 "Ă" */
    0x0, 0x6, 0xb1, 0x19, 0x90, 0x0, 0x0, 0x1,
    0xcf, 0xfe, 0x20, 0x0, 0x0, 0x0, 0x2, 0x20,
    0x0, 0x0, 0x0, 0x0, 0x1f, 0xf2, 0x0, 0x0,
    0x0, 0x0, 0x6f, 0xf8, 0x0, 0x0, 0x0, 0x0,
    0xbe, 0xde, 0x0, 0x0, 0x0, 0x1, 0xf9, 0x7f,
    0x30, 0x0, 0x0, 0x7, 0xf4, 0x2f, 0x90, 0x0,
    0x0, 0xc, 0xe0, 0xd, 0xe0, 0x0, 0x0, 0x2f,
    0x90, 0x7, 0xf4, 0x0, 0x0, 0x7f, 0x40, 0x2,
    0xf9, 0x0, 0x0, 0xdf, 0x11, 0x11, 0xdf, 0x0,
    0x3, 0xff, 0xff, 0xff, 0xff, 0x50, 0x8, 0xf6,
    0x44, 0x44, 0x4f, 0xa0, 0xe, 0xd0, 0x0, 0x0,
    0xb, 0xf0, 0x3f, 0x80, 0x0, 0x0, 0x5, 0xf5,

    /* U+0103 "ă" */
    0x0, 0x4, 0xff, 0xff, 0x70, 0x0, 0x0, 0x1,
    0x34, 0x10, 0x0, 0x0, 0x0, 0x0, 0x0, 0x0,
    0x0, 0x1, 0x8d, 0xfd, 0x80, 0xec, 0x1, 0xdf,
    0xb7, 0x8e, 0xce, 0xc0, 0xaf, 0x60, 0x0, 0xc,
    0xfc, 0xf, 0xb0, 0x0, 0x0, 0x3f, 0xc2, 0xf8,
    0x0, 0x0, 0x0, 0xec, 0x2f, 0x70, 0x0, 0x0,
    0xe, 0xc0, 0xfb, 0x0, 0x0, 0x2, 0xfc, 0x9,
    0xf4, 0x0, 0x0, 0xaf, 0xc0, 0x1d, 0xf8, 0x56,
    0xcc, 0xec, 0x0, 0x18, 0xef, 0xd8, 0xe, 0xc0,

    /* U+0104 "Ą" */
    0x0, 0x0, 0x1f, 0xf2, 0x0, 0x0, 0x0, 0x0,
    0x6f, 0xf8, 0x0, 0x0, 0x0, 0x0, 0xbe, 0xde,
    0x0, 0x0, 0x0, 0x1, 0xf9, 0x7f, 0x30, 0x0,
    0x0, 0x7, 0xf4, 0x2f, 0x90, 0x0, 0x0, 0xc,
    0xe0, 0xd, 0xe0, 0x0, 0x0, 0x2f, 0x90, 0x7,
    0xf4, 0x0, 0x0, 0x7f, 0x40, 0x2, 0xf9, 0x0,
    0x0, 0xdf, 0x11, 0x11, 0xdf, 0x0, 0x3, 0xff,
    0xff, 0xff, 0xff, 0x50, 0x8, 0xf6, 0x44, 0x44,
    0x4f, 0xa0, 0xe, 0xd0, 0x0, 0x0, 0xb, 0xf0,
    0x3f, 0x80, 0x0, 0x0, 0x6, 0xf5, 0x0, 0x0,
    0x0, 0x0, 0x3e, 0x91, 0x0, 0x0, 0x0, 0x0,
    0xba, 0x0, 0x0, 0x0, 0x0, 0x0, 0xca, 0x1,
    0x0, 0x0, 0x0, 0x0, 0x5f, 0xfa, 0x0, 0x0,
    0x0, 0x0, 0x0, 0x10,

    /* U+0105 "ą" */
    0x0, 0x18, 0xdf, 0xd8, 0xe, 0xc0, 0x1d, 0xfa,
    0x78, 0xec, 0xec, 0xa, 0xf5, 0x0, 0x0, 0xcf,
    0xc0, 0xfb, 0x0, 0x0, 0x2, 0xfc, 0x2f, 0x80,
    0x0, 0x0, 0xe, 0xc2, 0xf8, 0x0, 0x0, 0x0,
    0xec, 0xf, 0xb0, 0x0, 0x0, 0x2f, 0xc0, 0x9f,
    0x60, 0x0, 0xc, 0xfc, 0x1, 0xdf, 0xb7, 0x8e,
    0xbe, 0xc0, 0x1, 0x8e, 0xfd, 0x72, 0xec, 0x0,
    0x0, 0x0, 0x3, 0xe6, 0x0, 0x0, 0x0, 0x0,
    0x9d, 0x1, 0x0, 0x0, 0x0, 0x3, 0xef, 0xe0,
    0x0, 0x0, 0x0, 0x0, 0x10,

    /* U+0106 "Ć" */
    0x0, 0x0, 0x0, 0x0, 0x0, 0x0, 0x0, 0x0,
    0x0, 0x0, 0x4b, 0x0, 0x0, 0x0, 0x0, 0x1,
    0xaf, 0x80, 0x0, 0x0, 0x0, 0x0, 0xe9, 0x10,
    0x0, 0x0, 0x0, 0x0, 0x2, 0x0, 0x0, 0x0,
    0x0, 0x0, 0x6, 0xce, 0xfd, 0x81, 0x0, 0x0,
    0x2d, 0xfb, 0x87, 0xbf, 0xe3, 0x0, 0xd, 0xe3,
    0x0, 0x0, 0x3e, 0xf2, 0x8, 0xf4, 0x0, 0x0,
    0x0, 0x5d, 0x80, 0xec, 0x0, 0x0, 0x0, 0x0,
    0x0, 0x1f, 0x80, 0x0, 0x0, 0x0, 0x0, 0x3,
    0xf7, 0x0, 0x0, 0x0, 0x0, 0x0, 0x1f, 0x80,
    0x0, 0x0, 0x0, 0x0, 0x0, 0xec, 0x0, 0x0,
    0x0, 0x0, 0x0, 0x8, 0xf4, 0x0, 0x0, 0x0,
    0x4c, 0x80, 0xd, 0xe3, 0x0, 0x0, 0x2e, 0xf2,
    0x0, 0x2d, 0xfb, 0x77, 0xaf, 0xf4, 0x0, 0x0,
    0x6, 0xcf, 0xfd, 0x81, 0x0,

    /* U+0107 "ć" */
    0x0, 0x0, 0x0, 0x0, 0x0, 0x0, 0x0, 0x0,
    0x19, 0x30, 0x0, 0x0, 0x0, 0x6e, 0xc1, 0x0,
    0x0, 0x0, 0x8d, 0x50, 0x0, 0x0, 0x0, 0x2,
    0x0, 0x0, 0x0, 0x0, 0x1, 0x8d, 0xfe, 0xa2,
    0x0, 0x1, 0xdf, 0x96, 0x8e, 0xf3, 0x0, 0xaf,
    0x40, 0x0, 0x2f, 0xc0, 0xf, 0xb0, 0x0, 0x0,
    0x34, 0x2, 0xf8, 0x0, 0x0, 0x0, 0x0, 0x2f,
    0x80, 0x0, 0x0, 0x0, 0x0, 0xfb, 0x0, 0x0,
    0x2, 0x40, 0xa, 0xf4, 0x0, 0x1, 0xec, 0x0,
    0x1d, 0xf9, 0x68, 0xee, 0x30, 0x0, 0x18, 0xdf,
    0xea, 0x20, 0x0,

    /* U+010A "Ċ" */
    0x0, 0x0, 0x0, 0x8b, 0x0, 0x0, 0x0, 0x0,
    0x0, 0x9, 0xd0, 0x0, 0x0, 0x0, 0x0, 0x0,
    0x0, 0x0, 0x0, 0x0, 0x0, 0x6, 0xce, 0xfd,
    0x81, 0x0, 0x0, 0x2d, 0xfb, 0x87, 0xbf, 0xe3,
    0x0, 0xd, 0xe3, 0x0, 0x0, 0x3e, 0xf2, 0x8,
    0xf4, 0x0, 0x0, 0x0, 0x5d, 0x80, 0xec, 0x0,
    0x0, 0x0, 0x0, 0x0, 0x1f, 0x80, 0x0, 0x0,
    0x0, 0x0, 0x3, 0xf7, 0x0, 0x0, 0x0, 0x0,
    0x0, 0x1f, 0x80, 0x0, 0x0, 0x0, 0x0, 0x0,
    0xec, 0x0, 0x0, 0x0, 0x0, 0x0, 0x8, 0xf4,
    0x0, 0x0, 0x0, 0x4c, 0x80, 0xd, 0xe3, 0x0,
    0x0, 0x2e, 0xf2, 0x0, 0x2d, 0xfb, 0x77, 0xaf,
    0xf4, 0x0, 0x0, 0x6, 0xcf, 0xfd, 0x81, 0x0,

    /* U+010B "ċ" */
    0x0, 0x0, 0x4f, 0x30, 0x0, 0x0, 0x0, 0x3,
    0xd3, 0x0, 0x0, 0x0, 0x0, 0x0, 0x0, 0x0,
    0x0, 0x1, 0x8d, 0xfe, 0xa2, 0x0, 0x1, 0xdf,
    0x96, 0x8e, 0xf3, 0x0, 0xaf, 0x40, 0x0, 0x2f,
    0xc0, 0xf, 0xb0, 0x0, 0x0, 0x34, 0x2, 0xf8,
    0x0, 0x0, 0x0, 0x0, 0x2f, 0x80, 0x0, 0x0,
    0x0, 0x0, 0xfb, 0x0, 0x0, 0x2, 0x40, 0xa,
    0xf4, 0x0, 0x1, 0xec, 0x0, 0x1d, 0xf9, 0x68,
    0xee, 0x30, 0x0, 0x18, 0xdf, 0xea, 0x20, 0x0,

    /* U+010C "Č" */
    0x0, 0x0, 0x21, 0x0, 0x3, 0x0, 0x0, 0x0,
    0x5, 0xe6, 0x3c, 0x90, 0x0, 0x0, 0x0, 0x4,
    0xdf, 0x70, 0x0, 0x0, 0x0, 0x0, 0x0, 0x10,
    0x0, 0x0, 0x0, 0x0, 0x6c, 0xef, 0xd8, 0x10,
    0x0, 0x2, 0xdf, 0xb8, 0x7b, 0xfe, 0x30, 0x0,
    0xde, 0x30, 0x0, 0x3, 0xef, 0x20, 0x8f, 0x40,
    0x0, 0x0, 0x5, 0xd8, 0xe, 0xc0, 0x0, 0x0,
    0x0, 0x0, 0x1, 0xf8, 0x0, 0x0, 0x0, 0x0,
    0x0, 0x3f, 0x70, 0x0, 0x0, 0x0, 0x0, 0x1,
    0xf8, 0x0, 0x0, 0x0, 0x0, 0x0, 0xe, 0xc0,
    0x0, 0x0, 0x0, 0x0, 0x0, 0x8f, 0x40, 0x0,
    0x0, 0x4, 0xc8, 0x0, 0xde, 0x30, 0x0, 0x2,
    0xef, 0x20, 0x2, 0xdf, 0xb7, 0x7a, 0xff, 0x40,
    0x0, 0x0, 0x6c, 0xff, 0xd8, 0x10, 0x0,

    /* U+010D "č" */
    0x0, 0x2, 0x0, 0x2, 0x0, 0x0, 0x0, 0xf8,
    0x19, 0xe0, 0x0, 0x0, 0x2, 0xbf, 0xa1, 0x0,
    0x0, 0x0, 0x0, 0x20, 0x0, 0x0, 0x0, 0x18,
    0xdf, 0xea, 0x20, 0x0, 0x1d, 0xf9, 0x68, 0xef,
    0x30, 0xa, 0xf4, 0x0, 0x2, 0xfc, 0x0, 0xfb,
    0x0, 0x0, 0x3, 0x40, 0x2f, 0x80, 0x0, 0x0,
    0x0, 0x2, 0xf8, 0x0, 0x0, 0x0, 0x0, 0xf,
    0xb0, 0x0, 0x0, 0x24, 0x0, 0xaf, 0x40, 0x0,
    0x1e, 0xc0, 0x1, 0xdf, 0x96, 0x8e, 0xe3, 0x0,
    0x1, 0x8d, 0xfe, 0xa2, 0x0,

    /* U+010E "Ď" */
    0x0, 0x12, 0x0, 0x4, 0x0, 0x0, 0x2, 0xf8,
    0x3c, 0xb0, 0x0, 0x0, 0x2, 0xbf, 0x80, 0x0,
    0x0, 0x0, 0x0, 0x0, 0x0, 0x0, 0x9f, 0xff,
    0xfd, 0xa5, 0x0, 0x9, 0xf5, 0x55, 0x7b, 0xfb,
    0x10, 0x9f, 0x0, 0x0, 0x4, 0xfb, 0x9, 0xf0,
    0x0, 0x0, 0x7, 0xf4, 0x9f, 0x0, 0x0, 0x0,
    0xf, 0xa9, 0xf0, 0x0, 0x0, 0x0, 0xcd, 0x9f,
    0x0, 0x0, 0x0, 0xb, 0xe9, 0xf0, 0x0, 0x0,
    0x0, 0xcd, 0x9f, 0x0, 0x0, 0x0, 0xf, 0xa9,
    0xf0, 0x0, 0x0, 0x6, 0xf5, 0x9f, 0x0, 0x0,
    0x4, 0xfb, 0x9, 0xf5, 0x55, 0x7b, 0xfc, 0x10,
    0x9f, 0xff, 0xfe, 0xb5, 0x0, 0x0,

    /* U+010F "ď" */
    0x0, 0x0, 0x0, 0x0, 0xe, 0xc4, 0xf7, 0x0,
    0x0, 0x0, 0x0, 0xe, 0xc2, 0xb8, 0x0, 0x0,
    0x0, 0x0, 0xe, 0xc0, 0x87, 0x0, 0x18, 0xdf,
    0xd7, 0xe, 0xc3, 0x90, 0x1, 0xdf, 0xb7, 0x8e,
    0xce, 0xc0, 0x0, 0xa, 0xf6, 0x0, 0x0, 0xcf,
    0xc0, 0x0, 0xf, 0xb0, 0x0, 0x0, 0x3f, 0xc0,
    0x0, 0x2f, 0x80, 0x0, 0x0, 0xe, 0xc0, 0x0,
    0x2f, 0x70, 0x0, 0x0, 0xe, 0xc0, 0x0, 0xf,
    0xb0, 0x0, 0x0, 0x2f, 0xc0, 0x0, 0x9, 0xf4,
    0x0, 0x0, 0xaf, 0xc0, 0x0, 0x1, 0xdf, 0x85,
    0x6c, 0xce, 0xc0, 0x0, 0x0, 0x18, 0xef, 0xd8,
    0xe, 0xc0, 0x0,

    /* U+0110 "Đ" */
    0x4, 0xff, 0xff, 0xec, 0x71, 0x0, 0x0, 0x4f,
    0x95, 0x56, 0x9f, 0xe3, 0x0, 0x4, 0xf5, 0x0,
    0x0, 0x1d, 0xe1, 0x0, 0x4f, 0x50, 0x0, 0x0,
    0x2f, 0xa0, 0x4, 0xf5, 0x0, 0x0, 0x0, 0xaf,
    0x0, 0x4f, 0x50, 0x0, 0x0, 0x7, 0xf2, 0xdf,
    0xff, 0xff, 0xd0, 0x0, 0x6f, 0x46, 0xaf, 0xb8,
    0x86, 0x0, 0x7, 0xf2, 0x4, 0xf5, 0x0, 0x0,
    0x0, 0xaf, 0x0, 0x4f, 0x50, 0x0, 0x0, 0x1f,
    0xa0, 0x4, 0xf5, 0x0, 0x0, 0x1c, 0xf2, 0x0,
    0x4f, 0x84, 0x45, 0x8e, 0xe4, 0x0, 0x4, 0xff,
    0xff, 0xec, 0x71, 0x0, 0x0,

    /* U+0111 "đ" */
    0x0, 0x0, 0x0, 0x0, 0xe, 0xc0, 0x0, 0x0,
    0x0, 0xd, 0xff, 0xfd, 0x0, 0x0, 0x0, 0x0,
    0xe, 0xc0, 0x0, 0x18, 0xdf, 0xd7, 0xe, 0xc0,
    0x1, 0xdf, 0xb7, 0x8e, 0xce, 0xc0, 0xa, 0xf6,
    0x0, 0x0, 0xcf, 0xc0, 0xf, 0xb0, 0x0, 0x0,
    0x3f, 0xc0, 0x2f, 0x80, 0x0, 0x0, 0xe, 0xc0,
    0x2f, 0x70, 0x0, 0x0, 0xe, 0xc0, 0xf, 0xb0,
    0x0, 0x0, 0x2f, 0xc0, 0x9, 0xf4, 0x0, 0x0,
    0xaf, 0xc0, 0x1, 0xdf, 0x85, 0x6c, 0xce, 0xc0,
    0x0, 0x18, 0xef, 0xd8, 0xe, 0xc0,

    /* U+0112 "Ē" */
    0x0, 0x0, 0x0, 0x0, 0x9f, 0xff, 0xff, 0xb0,
    0x13, 0x33, 0x33, 0x20, 0x9f, 0xff, 0xff, 0xf2,
    0x9f, 0x65, 0x55, 0x50, 0x9f, 0x0, 0x0, 0x0,
    0x9f, 0x0, 0x0, 0x0, 0x9f, 0x0, 0x0, 0x0,
    0x9f, 0x11, 0x11, 0x0, 0x9f, 0xff, 0xff, 0x90,
    0x9f, 0x44, 0x44, 0x20, 0x9f, 0x0, 0x0, 0x0,
    0x9f, 0x0, 0x0, 0x0, 0x9f, 0x0, 0x0, 0x0,
    0x9f, 0x55, 0x55, 0x50, 0x9f, 0xff, 0xff, 0xf2,

    /* U+0113 "ē" */
    0x0, 0x9f, 0xff, 0xff, 0xc0, 0x0, 0x2, 0x33,
    0x33, 0x32, 0x0, 0x0, 0x0, 0x0, 0x0, 0x0,
    0x0, 0x0, 0x8d, 0xfe, 0xa3, 0x0, 0x1, 0xdf,
    0x96, 0x8e, 0xf4, 0x0, 0xaf, 0x20, 0x0, 0xc,
    0xe0, 0xf, 0xa1, 0x11, 0x11, 0x6f, 0x42, 0xff,
    0xff, 0xff, 0xff, 0xf5, 0x2f, 0xa4, 0x44, 0x44,
    0x44, 0x10, 0xfb, 0x0, 0x0, 0x3, 0x50, 0x9,
    0xf5, 0x0, 0x1, 0xed, 0x0, 0x1d, 0xfa, 0x68,
    0xef, 0x30, 0x0, 0x8, 0xdf, 0xea, 0x20, 0x0,

    /* U+0114 "Ĕ" */
    0xe, 0x40, 0x2f, 0x10, 0x6, 0xff, 0xf8, 0x0,
    0x0, 0x2, 0x10, 0x0, 0x9f, 0xff, 0xff, 0xf2,
    0x9f, 0x65, 0x55, 0x50, 0x9f, 0x0, 0x0, 0x0,
    0x9f, 0x0, 0x0, 0x0, 0x9f, 0x0, 0x0, 0x0,
    0x9f, 0x11, 0x11, 0x0, 0x9f, 0xff, 0xff, 0x90,
    0x9f, 0x44, 0x44, 0x20, 0x9f, 0x0, 0x0, 0x0,
    0x9f, 0x0, 0x0, 0x0, 0x9f, 0x0, 0x0, 0x0,
    0x9f, 0x55, 0x55, 0x50, 0x9f, 0xff, 0xff, 0xf2,

    /* U+0115 "ĕ" */
    0x0, 0xc, 0xff, 0xfe, 0x0, 0x0, 0x0, 0x2,
    0x43, 0x0, 0x0, 0x0, 0x0, 0x0, 0x0, 0x0,
    0x0, 0x0, 0x8d, 0xfe, 0xa3, 0x0, 0x1, 0xdf,
    0x96, 0x8e, 0xf4, 0x0, 0xaf, 0x20, 0x0, 0xc,
    0xe0, 0xf, 0xa1, 0x11, 0x11, 0x6f, 0x42, 0xff,
    0xff, 0xff, 0xff, 0xf5, 0x2f, 0xa4, 0x44, 0x44,
    0x44, 0x10, 0xfb, 0x0, 0x0, 0x3, 0x50, 0x9,
    0xf5, 0x0, 0x1, 0xed, 0x0, 0x1d, 0xfa, 0x68,
    0xef, 0x30, 0x0, 0x8, 0xdf, 0xea, 0x20, 0x0,

    /* U+0116 "Ė" */
    0x0, 0x2d, 0x40, 0x0, 0x0, 0x3f, 0x50, 0x0,
    0x0, 0x0, 0x0, 0x0, 0x9f, 0xff, 0xff, 0xf2,
    0x9f, 0x65, 0x55, 0x50, 0x9f, 0x0, 0x0, 0x0,
    0x9f, 0x0, 0x0, 0x0, 0x9f, 0x0, 0x0, 0x0,
    0x9f, 0x11, 0x11, 0x0, 0x9f, 0xff, 0xff, 0x90,
    0x9f, 0x44, 0x44, 0x20, 0x9f, 0x0, 0x0, 0x0,
    0x9f, 0x0, 0x0, 0x0, 0x9f, 0x0, 0x0, 0x0,
    0x9f, 0x55, 0x55, 0x50, 0x9f, 0xff, 0xff, 0xf2,

    /* U+0117 "ė" */
    0x0, 0x0, 0x3e, 0x50, 0x0, 0x0, 0x0, 0x2,
    0xd4, 0x0, 0x0, 0x0, 0x0, 0x0, 0x0, 0x0,
    0x0, 0x0, 0x8d, 0xfe, 0xa3, 0x0, 0x1, 0xdf,
    0x96, 0x8e, 0xf4, 0x0, 0xaf, 0x20, 0x0, 0xc,
    0xe0, 0xf, 0xa1, 0x11, 0x11, 0x6f, 0x42, 0xff,
    0xff, 0xff, 0xff, 0xf5, 0x2f, 0xa4, 0x44, 0x44,
    0x44, 0x10, 0xfb, 0x0, 0x0, 0x3, 0x50, 0x9,
    0xf5, 0x0, 0x1, 0xed, 0x0, 0x1d, 0xfa, 0x68,
    0xef, 0x30, 0x0, 0x8, 0xdf, 0xea, 0x20, 0x0,

    /* U+0118 "Ę" */
    0x9f, 0xff, 0xff, 0xf2, 0x9f, 0x65, 0x55, 0x50,
    0x9f, 0x0, 0x0, 0x0, 0x9f, 0x0, 0x0, 0x0,
    0x9f, 0x0, 0x0, 0x0, 0x9f, 0x11, 0x11, 0x0,
    0x9f, 0xff, 0xff, 0x90, 0x9f, 0x44, 0x44, 0x20,
    0x9f, 0x0, 0x0, 0x0, 0x9f, 0x0, 0x0, 0x0,
    0x9f, 0x0, 0x0, 0x0, 0x9f, 0x55, 0x55, 0x50,
    0x9f, 0xff, 0xff, 0xf2, 0x0, 0x0, 0x8e, 0x50,
    0x0, 0x2, 0xf3, 0x0, 0x0, 0x3, 0xf3, 0x0,
    0x0, 0x0, 0xaf, 0xf4, 0x0, 0x0, 0x1, 0x0,

    /* U+0119 "ę" */
    0x0, 0x18, 0xdf, 0xea, 0x30, 0x0, 0x1d, 0xf9,
    0x68, 0xef, 0x40, 0xa, 0xf2, 0x0, 0x0, 0xce,
    0x0, 0xfa, 0x11, 0x11, 0x16, 0xf4, 0x2f, 0xff,
    0xff, 0xff, 0xff, 0x52, 0xfa, 0x44, 0x44, 0x44,
    0x41, 0xf, 0xc0, 0x0, 0x0, 0x47, 0x0, 0x8f,
    0x70, 0x0, 0x3f, 0xc0, 0x0, 0xbf, 0xda, 0xbf,
    0xd2, 0x0, 0x0, 0x5b, 0xfe, 0x70, 0x0, 0x0,
    0x0, 0x9c, 0x0, 0x0, 0x0, 0x0, 0xc, 0xa0,
    0x10, 0x0, 0x0, 0x0, 0x5f, 0xfa, 0x0, 0x0,
    0x0, 0x0, 0x1, 0x0, 0x0,

    /* U+011A "Ě" */
    0x3, 0x0, 0x3, 0x0, 0xd, 0xa2, 0x9f, 0x0,
    0x1, 0x9f, 0xa2, 0x0, 0x0, 0x1, 0x0, 0x0,
    0x9f, 0xff, 0xff, 0xf2, 0x9f, 0x65, 0x55, 0x50,
    0x9f, 0x0, 0x0, 0x0, 0x9f, 0x0, 0x0, 0x0,
    0x9f, 0x0, 0x0, 0x0, 0x9f, 0x11, 0x11, 0x0,
    0x9f, 0xff, 0xff, 0x90, 0x9f, 0x44, 0x44, 0x20,
    0x9f, 0x0, 0x0, 0x0, 0x9f, 0x0, 0x0, 0x0,
    0x9f, 0x0, 0x0, 0x0, 0x9f, 0x55, 0x55, 0x50,
    0x9f, 0xff, 0xff, 0xf2,

    /* U+011B "ě" */
    0x0, 0x2, 0x0, 0x2, 0x0, 0x0, 0x0, 0xd9,
    0x18, 0xf1, 0x0, 0x0, 0x1, 0xaf, 0xb2, 0x0,
    0x0, 0x0, 0x0, 0x20, 0x0, 0x0, 0x0, 0x8,
    0xdf, 0xea, 0x30, 0x0, 0x1d, 0xf9, 0x68, 0xef,
    0x40, 0xa, 0xf2, 0x0, 0x0, 0xce, 0x0, 0xfa,
    0x11, 0x11, 0x16, 0xf4, 0x2f, 0xff, 0xff, 0xff,
    0xff, 0x52, 0xfa, 0x44, 0x44, 0x44, 0x41, 0xf,
    0xb0, 0x0, 0x0, 0x35, 0x0, 0x9f, 0x50, 0x0,
    0x1e, 0xd0, 0x1, 0xdf, 0xa6, 0x8e, 0xf3, 0x0,
    0x0, 0x8d, 0xfe, 0xa2, 0x0,

    /* U+011E "Ğ" */
    0x0, 0x0, 0x7b, 0x11, 0x99, 0x0, 0x0, 0x0,
    0x0, 0x1c, 0xff, 0xe2, 0x0, 0x0, 0x0, 0x0,
    0x0, 0x22, 0x0, 0x0, 0x0, 0x0, 0x0, 0x6c,
    0xef, 0xc8, 0x10, 0x0, 0x0, 0x2d, 0xfc, 0x88,
    0xbf, 0xe3, 0x0, 0x0, 0xde, 0x40, 0x0, 0x3,
    0xef, 0x20, 0x8, 0xf4, 0x0, 0x0, 0x0, 0x4c,
    0x80, 0xe, 0xd0, 0x0, 0x0, 0x0, 0x0, 0x0,
    0x1f, 0x80, 0x0, 0x1, 0x11, 0x11, 0x10, 0x3f,
    0x70, 0x0, 0x8f, 0xff, 0xff, 0xf3, 0x1f, 0x80,
    0x0, 0x24, 0x44, 0x4b, 0xf2, 0xe, 0xc0, 0x0,
    0x0, 0x0, 0xd, 0xe0, 0x8, 0xf4, 0x0, 0x0,
    0x0, 0x4f, 0x80, 0x0, 0xde, 0x40, 0x0, 0x3,
    0xed, 0x10, 0x0, 0x2d, 0xfc, 0x88, 0xbf, 0xd2,
    0x0, 0x0, 0x0, 0x6c, 0xef, 0xc7, 0x0, 0x0,

    /* U+011F "ğ" */
    0x0, 0x4, 0xff, 0xff, 0x70, 0x0, 0x0, 0x1,
    0x34, 0x10, 0x0, 0x0, 0x0, 0x0, 0x0, 0x0,
    0x0, 0x1, 0x8d, 0xfd, 0x80, 0xec, 0x1, 0xdf,
    0x84, 0x5c, 0xde, 0xc0, 0xaf, 0x30, 0x0, 0xa,
    0xfc, 0xf, 0xb0, 0x0, 0x0, 0x2f, 0xc2, 0xf7,
    0x0, 0x0, 0x0, 0xec, 0x2f, 0x80, 0x0, 0x0,
    0xf, 0xc0, 0xfc, 0x0, 0x0, 0x3, 0xfc, 0x9,
    0xf6, 0x0, 0x0, 0xcf, 0xc0, 0x1d, 0xfb, 0x78,
    0xeb, 0xec, 0x0, 0x18, 0xef, 0xd7, 0xe, 0xc0,
    0x0, 0x0, 0x0, 0x0, 0xec, 0x6, 0x90, 0x0,
    0x0, 0x1f, 0x90, 0x6f, 0x90, 0x0, 0xa, 0xf4,
    0x0, 0xbf, 0xc7, 0x8c, 0xf9, 0x0, 0x0, 0x6c,
    0xef, 0xc5, 0x0,

    /* U+0120 "Ġ" */
    0x0, 0x0, 0x0, 0x9a, 0x0, 0x0, 0x0, 0x0,
    0x0, 0x0, 0xbc, 0x0, 0x0, 0x0, 0x0, 0x0,
    0x0, 0x0, 0x0, 0x0, 0x0, 0x0, 0x0, 0x6c,
    0xef, 0xc8, 0x10, 0x0, 0x0, 0x2d, 0xfc, 0x88,
    0xbf, 0xe3, 0x0, 0x0, 0xde, 0x40, 0x0, 0x3,
    0xef, 0x20, 0x8, 0xf4, 0x0, 0x0, 0x0, 0x4c,
    0x80, 0xe, 0xd0, 0x0, 0x0, 0x0, 0x0, 0x0,
    0x1f, 0x80, 0x0, 0x1, 0x11, 0x11, 0x10, 0x3f,
    0x70, 0x0, 0x8f, 0xff, 0xff, 0xf3, 0x1f, 0x80,
    0x0, 0x24, 0x44, 0x4b, 0xf2, 0xe, 0xc0, 0x0,
    0x0, 0x0, 0xd, 0xe0, 0x8, 0xf4, 0x0, 0x0,
    0x0, 0x4f, 0x80, 0x0, 0xde, 0x40, 0x0, 0x3,
    0xed, 0x10, 0x0, 0x2d, 0xfc, 0x88, 0xbf, 0xd2,
    0x0, 0x0, 0x0, 0x6c, 0xef, 0xc7, 0x0, 0x0,

    /* U+0121 "ġ" */
    0x0, 0x0, 0xa, 0xd0, 0x0, 0x0, 0x0, 0x0,
    0x8b, 0x0, 0x0, 0x0, 0x0, 0x0, 0x0, 0x0,
    0x0, 0x1, 0x8d, 0xfd, 0x80, 0xec, 0x1, 0xdf,
    0x84, 0x5c, 0xde, 0xc0, 0xaf, 0x30, 0x0, 0xa,
    0xfc, 0xf, 0xb0, 0x0, 0x0, 0x2f, 0xc2, 0xf7,
    0x0, 0x0, 0x0, 0xec, 0x2f, 0x80, 0x0, 0x0,
    0xf, 0xc0, 0xfc, 0x0, 0x0, 0x3, 0xfc, 0x9,
    0xf6, 0x0, 0x0, 0xcf, 0xc0, 0x1d, 0xfb, 0x78,
    0xeb, 0xec, 0x0, 0x18, 0xef, 0xd7, 0xe, 0xc0,
    0x0, 0x0, 0x0, 0x0, 0xec, 0x6, 0x90, 0x0,
    0x0, 0x1f, 0x90, 0x6f, 0x90, 0x0, 0xa, 0xf4,
    0x0, 0xbf, 0xc7, 0x8c, 0xf9, 0x0, 0x0, 0x6c,
    0xef, 0xc5, 0x0,

    /* U+0122 "Ģ" */
    0x0, 0x0, 0x6c, 0xef, 0xd7, 0x0, 0x0, 0x0,
    0x2d, 0xfc, 0x88, 0xcf, 0xd1, 0x0, 0x0, 0xde,
    0x40, 0x0, 0x6, 0xfd, 0x0, 0x8, 0xf4, 0x0,
    0x0, 0x0, 0x8f, 0x70, 0xe, 0xd0, 0x0, 0x0,
    0x0, 0x5, 0x30, 0x1f, 0x80, 0x0, 0x0, 0x0,
    0x0, 0x0, 0x3f, 0x70, 0x0, 0x1, 0x11, 0x11,
    0x10, 0x1f, 0x80, 0x0, 0x8f, 0xff, 0xff, 0xf3,
    0xe, 0xc0, 0x0, 0x24, 0x44, 0x4b, 0xf2, 0x8,
    0xf4, 0x0, 0x0, 0x0, 0xe, 0xd0, 0x0, 0xde,
    0x40, 0x0, 0x1, 0xbf, 0x40, 0x0, 0x2d, 0xfc,
    0x88, 0xaf, 0xf6, 0x0, 0x0, 0x0, 0x6c, 0xef,
    0xd8, 0x20, 0x0, 0x0, 0x0, 0x0, 0x0, 0x0,
    0x0, 0x0, 0x0, 0x0, 0x0, 0x11, 0x0, 0x0,
    0x0, 0x0, 0x0, 0x0, 0xde, 0x0, 0x0, 0x0,
    0x0, 0x0, 0x0, 0x4e, 0x0, 0x0, 0x0, 0x0,
    0x0, 0x0, 0xa7, 0x0, 0x0, 0x0,

    /* U+0123 "ģ" */
    0x0, 0x0, 0x7, 0xa0, 0x0, 0x0, 0x0, 0x0,
    0xee, 0x0, 0x0, 0x0, 0x0, 0x7, 0x70, 0x0,
    0x0, 0x0, 0x0, 0x0, 0x0, 0x0, 0x0, 0x18,
    0xdf, 0xd8, 0xe, 0xc0, 0x1d, 0xf8, 0x45, 0xcd,
    0xec, 0xa, 0xf3, 0x0, 0x0, 0xaf, 0xc0, 0xfb,
    0x0, 0x0, 0x2, 0xfc, 0x2f, 0x70, 0x0, 0x0,
    0xe, 0xc2, 0xf8, 0x0, 0x0, 0x0, 0xfc, 0xf,
    0xc0, 0x0, 0x0, 0x3f, 0xc0, 0x9f, 0x60, 0x0,
    0xc, 0xfc, 0x1, 0xdf, 0xb7, 0x8e, 0xbe, 0xc0,
    0x1, 0x8e, 0xfd, 0x70, 0xec, 0x0, 0x0, 0x0,
    0x0, 0xe, 0xc0, 0x69, 0x0, 0x0, 0x1, 0xf9,
    0x6, 0xf9, 0x0, 0x0, 0xaf, 0x40, 0xb, 0xfc,
    0x78, 0xcf, 0x90, 0x0, 0x6, 0xce, 0xfc, 0x50,
    0x0,

    /* U+0128 "Ĩ" */
    0x1c, 0xff, 0xfc, 0x0, 0x22, 0x21, 0x0, 0x0,
    0x9f, 0x0, 0x0, 0x9, 0xf0, 0x0, 0x0, 0x9f,
    0x0, 0x0, 0x9, 0xf0, 0x0, 0x0, 0x9f, 0x0,
    0x0, 0x9, 0xf0, 0x0, 0x0, 0x9f, 0x0, 0x0,
    0x9, 0xf0, 0x0, 0x0, 0x9f, 0x0, 0x0, 0x9,
    0xf0, 0x0, 0x0, 0x9f, 0x0, 0x0, 0x9, 0xf0,
    0x0, 0x0, 0x9f, 0x0, 0x0,

    /* U+0129 "ĩ" */
    0xa, 0xe7, 0xe, 0x4, 0xc3, 0xcf, 0x80, 0x1,
    0x0, 0x10, 0x0, 0x9, 0xf0, 0x0, 0x0, 0x9f,
    0x0, 0x0, 0x9, 0xf0, 0x0, 0x0, 0x9f, 0x0,
    0x0, 0x9, 0xf0, 0x0, 0x0, 0x9f, 0x0, 0x0,
    0x9, 0xf0, 0x0, 0x0, 0x9f, 0x0, 0x0, 0x9,
    0xf0, 0x0, 0x0, 0x9f, 0x0, 0x0,

    /* U+012A "Ī" */
    0x0, 0x0, 0x0, 0xf, 0xff, 0xff, 0xf5, 0x33,
    0x33, 0x33, 0x10, 0x9, 0xf0, 0x0, 0x0, 0x9f,
    0x0, 0x0, 0x9, 0xf0, 0x0, 0x0, 0x9f, 0x0,
    0x0, 0x9, 0xf0, 0x0, 0x0, 0x9f, 0x0, 0x0,
    0x9, 0xf0, 0x0, 0x0, 0x9f, 0x0, 0x0, 0x9,
    0xf0, 0x0, 0x0, 0x9f, 0x0, 0x0, 0x9, 0xf0,
    0x0, 0x0, 0x9f, 0x0, 0x0, 0x9, 0xf0, 0x0,

    /* U+012B "ī" */
    0xff, 0xff, 0xff, 0x53, 0x33, 0x33, 0x31, 0x0,
    0x0, 0x0, 0x0, 0x9, 0xf0, 0x0, 0x0, 0x9f,
    0x0, 0x0, 0x9, 0xf0, 0x0, 0x0, 0x9f, 0x0,
    0x0, 0x9, 0xf0, 0x0, 0x0, 0x9f, 0x0, 0x0,
    0x9, 0xf0, 0x0, 0x0, 0x9f, 0x0, 0x0, 0x9,
    0xf0, 0x0, 0x0, 0x9f, 0x0, 0x0,

    /* U+012C "Ĭ" */
    0x4c, 0x10, 0x7b, 0xb, 0xff, 0xe3, 0x0, 0x12,
    0x0, 0x0, 0x9f, 0x0, 0x0, 0x9f, 0x0, 0x0,
    0x9f, 0x0, 0x0, 0x9f, 0x0, 0x0, 0x9f, 0x0,
    0x0, 0x9f, 0x0, 0x0, 0x9f, 0x0, 0x0, 0x9f,
    0x0, 0x0, 0x9f, 0x0, 0x0, 0x9f, 0x0, 0x0,
    0x9f, 0x0, 0x0, 0x9f, 0x0, 0x0, 0x9f, 0x0,

    /* U+012D "ĭ" */
    0x3f, 0xff, 0xf8, 0x0, 0x34, 0x20, 0x0, 0x0,
    0x0, 0x0, 0x9f, 0x0, 0x0, 0x9f, 0x0, 0x0,
    0x9f, 0x0, 0x0, 0x9f, 0x0, 0x0, 0x9f, 0x0,
    0x0, 0x9f, 0x0, 0x0, 0x9f, 0x0, 0x0, 0x9f,
    0x0, 0x0, 0x9f, 0x0, 0x0, 0x9f, 0x0,

    /* U+012E "Į" */
    0x0, 0x9f, 0x0, 0x9, 0xf0, 0x0, 0x9f, 0x0,
    0x9, 0xf0, 0x0, 0x9f, 0x0, 0x9, 0xf0, 0x0,
    0x9f, 0x0, 0x9, 0xf0, 0x0, 0x9f, 0x0, 0x9,
    0xf0, 0x0, 0x9f, 0x0, 0x9, 0xf0, 0x4, 0xeb,
    0x2, 0xf5, 0x0, 0x5f, 0x20, 0x1, 0xcf, 0xf2,
    0x0, 0x10, 0x0,

    /* U+012F "į" */
    0x0, 0x9e, 0x20, 0xc, 0xf3, 0x0, 0x2, 0x0,
    0x9, 0xf0, 0x0, 0x9f, 0x0, 0x9, 0xf0, 0x0,
    0x9f, 0x0, 0x9, 0xf0, 0x0, 0x9f, 0x0, 0x9,
    0xf0, 0x0, 0x9f, 0x0, 0x9, 0xf0, 0x3, 0xdc,
    0x2, 0xf5, 0x0, 0x5f, 0x10, 0x1, 0xdf, 0xf2,
    0x0, 0x10, 0x0,

    /* U+0130 "İ" */
    0x7c, 0x8, 0xe0, 0x0, 0x9, 0xf0, 0x9f, 0x9,
    0xf0, 0x9f, 0x9, 0xf0, 0x9f, 0x9, 0xf0, 0x9f,
    0x9, 0xf0, 0x9f, 0x9, 0xf0, 0x9f, 0x9, 0xf0,

    /* U+0131 "ı" */
    0x9f, 0x9, 0xf0, 0x9f, 0x9, 0xf0, 0x9f, 0x9,
    0xf0, 0x9f, 0x9, 0xf0, 0x9f, 0x9, 0xf0,

    /* U+0136 "Ķ" */
    0x9f, 0x0, 0x0, 0x3f, 0xc0, 0x9f, 0x0, 0x2,
    0xee, 0x10, 0x9f, 0x0, 0x1d, 0xe2, 0x0, 0x9f,
    0x0, 0xcf, 0x40, 0x0, 0x9f, 0xa, 0xf5, 0x0,
    0x0, 0x9f, 0x8f, 0x70, 0x0, 0x0, 0x9f, 0xfc,
    0x0, 0x0, 0x0, 0x9f, 0x9f, 0x70, 0x0, 0x0,
    0x9f, 0xb, 0xf5, 0x0, 0x0, 0x9f, 0x0, 0xcf,
    0x40, 0x0, 0x9f, 0x0, 0x1e, 0xf2, 0x0, 0x9f,
    0x0, 0x2, 0xfe, 0x10, 0x9f, 0x0, 0x0, 0x4f,
    0xd0, 0x0, 0x0, 0x0, 0x0, 0x0, 0x0, 0x1,
    0x20, 0x0, 0x0, 0x0, 0x7, 0xf3, 0x0, 0x0,
    0x0, 0x2, 0xc4, 0x0, 0x0, 0x0, 0x5, 0xb0,
    0x0, 0x0,

    /* U+0137 "ķ" */
    0x9f, 0x0, 0x0, 0x0, 0x9, 0xf0, 0x0, 0x0,
    0x0, 0x9f, 0x0, 0x0, 0x0, 0x9, 0xf0, 0x0,
    0x9f, 0xa0, 0x9f, 0x0, 0x7f, 0xb0, 0x9, 0xf0,
    0x5f, 0xb0, 0x0, 0x9f, 0x3f, 0xc0, 0x0, 0x9,
    0xfe, 0xd1, 0x0, 0x0, 0x9f, 0xed, 0x10, 0x0,
    0x9, 0xf3, 0xfc, 0x0, 0x0, 0x9f, 0x4, 0xfc,
    0x0, 0x9, 0xf0, 0x6, 0xfb, 0x0, 0x9f, 0x0,
    0x8, 0xfa, 0x0, 0x0, 0x0, 0x0, 0x0, 0x0,
    0x2, 0x10, 0x0, 0x0, 0x3, 0xf8, 0x0, 0x0,
    0x0, 0x9, 0x80, 0x0, 0x0, 0x2, 0xc2, 0x0,
    0x0,

    /* U+0139 "Ĺ" */
    0x0, 0x0, 0x0, 0x0, 0x0, 0x79, 0x0, 0x4,
    0xdd, 0x40, 0x2, 0xe6, 0x0, 0x0, 0x0, 0x0,
    0x0, 0x9, 0xf0, 0x0, 0x0, 0x9f, 0x0, 0x0,
    0x9, 0xf0, 0x0, 0x0, 0x9f, 0x0, 0x0, 0x9,
    0xf0, 0x0, 0x0, 0x9f, 0x0, 0x0, 0x9, 0xf0,
    0x0, 0x0, 0x9f, 0x0, 0x0, 0x9, 0xf0, 0x0,
    0x0, 0x9f, 0x0, 0x0, 0x9, 0xf0, 0x0, 0x0,
    0x9f, 0x55, 0x55, 0x29, 0xff, 0xff, 0xf6,

    /* U+013A "ĺ" */
    0x0, 0x0, 0x0, 0x5d, 0x2c, 0xe7, 0xd8, 0x10,
    0x10, 0x0, 0x9, 0xf0, 0x9, 0xf0, 0x9, 0xf0,
    0x9, 0xf0, 0x9, 0xf0, 0x9, 0xf0, 0x9, 0xf0,
    0x9, 0xf0, 0x9, 0xf0, 0x9, 0xf0, 0x9, 0xf0,
    0x9, 0xf0, 0x9, 0xf0,

    /* U+013B "Ļ" */
    0x9f, 0x0, 0x0, 0x9, 0xf0, 0x0, 0x0, 0x9f,
    0x0, 0x0, 0x9, 0xf0, 0x0, 0x0, 0x9f, 0x0,
    0x0, 0x9, 0xf0, 0x0, 0x0, 0x9f, 0x0, 0x0,
    0x9, 0xf0, 0x0, 0x0, 0x9f, 0x0, 0x0, 0x9,
    0xf0, 0x0, 0x0, 0x9f, 0x0, 0x0, 0x9, 0xf5,
    0x55, 0x52, 0x9f, 0xff, 0xff, 0x60, 0x0, 0x0,
    0x0, 0x0, 0x12, 0x0, 0x0, 0x7, 0xf4, 0x0,
    0x0, 0x2c, 0x40, 0x0, 0x5, 0xb0, 0x0,

    /* U+013C "ļ" */
    0x9f, 0x9, 0xf0, 0x9f, 0x9, 0xf0, 0x9f, 0x9,
    0xf0, 0x9f, 0x9, 0xf0, 0x9f, 0x9, 0xf0, 0x9f,
    0x9, 0xf0, 0x9f, 0x0, 0x0, 0x12, 0xa, 0xf1,
    0x3e, 0x28, 0xa0,

    /* U+013D "Ľ" */
    0x9f, 0x0, 0xfc, 0x9, 0xf0, 0x8, 0xd0, 0x9f,
    0x0, 0x3c, 0x9, 0xf0, 0x9, 0x30, 0x9f, 0x0,
    0x0, 0x9, 0xf0, 0x0, 0x0, 0x9f, 0x0, 0x0,
    0x9, 0xf0, 0x0, 0x0, 0x9f, 0x0, 0x0, 0x9,
    0xf0, 0x0, 0x0, 0x9f, 0x0, 0x0, 0x9, 0xf5,
    0x55, 0x52, 0x9f, 0xff, 0xff, 0x60,

    /* U+013E "ľ" */
    0x9f, 0xa, 0xf0, 0x9f, 0x5, 0xe2, 0x9f, 0x1,
    0xd1, 0x9f, 0x7, 0x60, 0x9f, 0x0, 0x0, 0x9f,
    0x0, 0x0, 0x9f, 0x0, 0x0, 0x9f, 0x0, 0x0,
    0x9f, 0x0, 0x0, 0x9f, 0x0, 0x0, 0x9f, 0x0,
    0x0, 0x9f, 0x0, 0x0, 0x9f, 0x0, 0x0,

    /* U+013F "Ŀ" */
    0x9f, 0x0, 0x0, 0x9, 0xf0, 0x0, 0x0, 0x9f,
    0x0, 0x0, 0x9, 0xf0, 0x0, 0x0, 0x9f, 0x0,
    0x0, 0x9, 0xf0, 0x7, 0xc0, 0x9f, 0x0, 0x8e,
    0x9, 0xf0, 0x0, 0x0, 0x9f, 0x0, 0x0, 0x9,
    0xf0, 0x0, 0x0, 0x9f, 0x0, 0x0, 0x9, 0xf5,
    0x55, 0x52, 0x9f, 0xff, 0xff, 0x60,

    /* U+0140 "ŀ" */
    0x9f, 0x0, 0x9, 0xf0, 0x0, 0x9f, 0x0, 0x9,
    0xf0, 0x0, 0x9f, 0x0, 0x9, 0xf0, 0xb8, 0x9f,
    0xd, 0x99, 0xf0, 0x0, 0x9f, 0x0, 0x9, 0xf0,
    0x0, 0x9f, 0x0, 0x9, 0xf0, 0x0, 0x9f, 0x0,
    0x0,

    /* U+0141 "Ł" */
    0x5, 0xf4, 0x0, 0x0, 0x5, 0xf4, 0x0, 0x0,
    0x5, 0xf4, 0x0, 0x0, 0x5, 0xf4, 0x0, 0x0,
    0x5, 0xf4, 0x11, 0x0, 0x5, 0xfd, 0xf3, 0x0,
    0x8e, 0xfa, 0x30, 0x0, 0x99, 0xf4, 0x0, 0x0,
    0x5, 0xf4, 0x0, 0x0, 0x5, 0xf4, 0x0, 0x0,
    0x5, 0xf4, 0x0, 0x0, 0x5, 0xf7, 0x44, 0x42,
    0x5, 0xff, 0xff, 0xfa,

    /* U+0142 "ł" */
    0x9, 0xf1, 0x0, 0x9f, 0x10, 0x9, 0xf1, 0x0,
    0x9f, 0x10, 0x9, 0xf1, 0x10, 0x9f, 0xf5, 0xbf,
    0xf5, 0x5, 0xaf, 0x10, 0x9, 0xf1, 0x0, 0x9f,
    0x10, 0x9, 0xf1, 0x0, 0x9f, 0x10, 0x9, 0xf1,
    0x0,

    /* U+0143 "Ń" */
    0x0, 0x0, 0x0, 0x0, 0x0, 0x0, 0x0, 0x0,
    0x3c, 0x10, 0x0, 0x0, 0x1, 0x9f, 0x90, 0x0,
    0x0, 0x0, 0xbb, 0x20, 0x0, 0x0, 0x0, 0x1,
    0x0, 0x0, 0x0, 0x9, 0xf5, 0x0, 0x0, 0x6,
    0xf4, 0x9f, 0xe1, 0x0, 0x0, 0x6f, 0x49, 0xff,
    0x90, 0x0, 0x6, 0xf4, 0x9f, 0x7f, 0x40, 0x0,
    0x6f, 0x49, 0xf0, 0xcd, 0x0, 0x6, 0xf4, 0x9f,
    0x2, 0xf8, 0x0, 0x6f, 0x49, 0xf0, 0x8, 0xf3,
    0x6, 0xf4, 0x9f, 0x0, 0xd, 0xc0, 0x6f, 0x49,
    0xf0, 0x0, 0x4f, 0x76, 0xf4, 0x9f, 0x0, 0x0,
    0x9f, 0x8f, 0x49, 0xf0, 0x0, 0x1, 0xef, 0xf4,
    0x9f, 0x0, 0x0, 0x5, 0xff, 0x49, 0xf0, 0x0,
    0x0, 0xb, 0xf4,

    /* U+0144 "ń" */
    0x0, 0x0, 0x0, 0x0, 0x0, 0x0, 0x0, 0x19,
    0x80, 0x0, 0x0, 0x6, 0xec, 0x30, 0x0, 0x0,
    0x4d, 0x40, 0x0, 0x0, 0x0, 0x0, 0x0, 0x0,
    0x0, 0x9f, 0x2a, 0xef, 0xc5, 0x0, 0x9f, 0xe9,
    0x45, 0xcf, 0x60, 0x9f, 0x80, 0x0, 0xd, 0xe0,
    0x9f, 0x20, 0x0, 0x8, 0xf2, 0x9f, 0x0, 0x0,
    0x6, 0xf3, 0x9f, 0x0, 0x0, 0x6, 0xf3, 0x9f,
    0x0, 0x0, 0x6, 0xf3, 0x9f, 0x0, 0x0, 0x6,
    0xf3, 0x9f, 0x0, 0x0, 0x6, 0xf3, 0x9f, 0x0,
    0x0, 0x6, 0xf3,

    /* U+0145 "Ņ" */
    0x9f, 0x50, 0x0, 0x0, 0x6f, 0x49, 0xfe, 0x10,
    0x0, 0x6, 0xf4, 0x9f, 0xf9, 0x0, 0x0, 0x6f,
    0x49, 0xf7, 0xf4, 0x0, 0x6, 0xf4, 0x9f, 0xc,
    0xd0, 0x0, 0x6f, 0x49, 0xf0, 0x2f, 0x80, 0x6,
    0xf4, 0x9f, 0x0, 0x8f, 0x30, 0x6f, 0x49, 0xf0,
    0x0, 0xdc, 0x6, 0xf4, 0x9f, 0x0, 0x4, 0xf7,
    0x6f, 0x49, 0xf0, 0x0, 0x9, 0xf8, 0xf4, 0x9f,
    0x0, 0x0, 0x1e, 0xff, 0x49, 0xf0, 0x0, 0x0,
    0x5f, 0xf4, 0x9f, 0x0, 0x0, 0x0, 0xbf, 0x40,
    0x0, 0x0, 0x0, 0x0, 0x0, 0x0, 0x0, 0x12,
    0x0, 0x0, 0x0, 0x0, 0x8, 0xf3, 0x0, 0x0,
    0x0, 0x0, 0x2d, 0x30, 0x0, 0x0, 0x0, 0x6,
    0xb0, 0x0, 0x0,

    /* U+0146 "ņ" */
    0x9f, 0x2a, 0xef, 0xc5, 0x0, 0x9f, 0xe9, 0x45,
    0xcf, 0x60, 0x9f, 0x80, 0x0, 0xd, 0xe0, 0x9f,
    0x20, 0x0, 0x8, 0xf2, 0x9f, 0x0, 0x0, 0x6,
    0xf3, 0x9f, 0x0, 0x0, 0x6, 0xf3, 0x9f, 0x0,
    0x0, 0x6, 0xf3, 0x9f, 0x0, 0x0, 0x6, 0xf3,
    0x9f, 0x0, 0x0, 0x6, 0xf3, 0x9f, 0x0, 0x0,
    0x6, 0xf3, 0x0, 0x0, 0x0, 0x0, 0x0, 0x0,
    0x0, 0x21, 0x0, 0x0, 0x0, 0x1, 0xfa, 0x0,
    0x0, 0x0, 0x0, 0x8b, 0x0, 0x0, 0x0, 0x0,
    0xd4, 0x0, 0x0,

    /* U+0147 "Ň" */
    0x0, 0x12, 0x0, 0x3, 0x0, 0x0, 0x2, 0xf8,
    0x2b, 0xc0, 0x0, 0x0, 0x2, 0xbf, 0x80, 0x0,
    0x0, 0x0, 0x0, 0x10, 0x0, 0x0, 0x9f, 0x50,
    0x0, 0x0, 0x6f, 0x49, 0xfe, 0x10, 0x0, 0x6,
    0xf4, 0x9f, 0xf9, 0x0, 0x0, 0x6f, 0x49, 0xf7,
    0xf4, 0x0, 0x6, 0xf4, 0x9f, 0xc, 0xd0, 0x0,
    0x6f, 0x49, 0xf0, 0x2f, 0x80, 0x6, 0xf4, 0x9f,
    0x0, 0x8f, 0x30, 0x6f, 0x49, 0xf0, 0x0, 0xdc,
    0x6, 0xf4, 0x9f, 0x0, 0x4, 0xf7, 0x6f, 0x49,
    0xf0, 0x0, 0x9, 0xf8, 0xf4, 0x9f, 0x0, 0x0,
    0x1e, 0xff, 0x49, 0xf0, 0x0, 0x0, 0x5f, 0xf4,
    0x9f, 0x0, 0x0, 0x0, 0xbf, 0x40,

    /* U+0148 "ň" */
    0x0, 0x40, 0x0, 0x22, 0x0, 0x0, 0x9d, 0x58,
    0xf3, 0x0, 0x0, 0x5, 0xeb, 0x20, 0x0, 0x0,
    0x0, 0x0, 0x0, 0x0, 0x9f, 0x2a, 0xef, 0xc5,
    0x0, 0x9f, 0xe9, 0x45, 0xcf, 0x60, 0x9f, 0x80,
    0x0, 0xd, 0xe0, 0x9f, 0x20, 0x0, 0x8, 0xf2,
    0x9f, 0x0, 0x0, 0x6, 0xf3, 0x9f, 0x0, 0x0,
    0x6, 0xf3, 0x9f, 0x0, 0x0, 0x6, 0xf3, 0x9f,
    0x0, 0x0, 0x6, 0xf3, 0x9f, 0x0, 0x0, 0x6,
    0xf3, 0x9f, 0x0, 0x0, 0x6, 0xf3,

    /* U+014C "Ō" */
    0x0, 0x0, 0x0, 0x0, 0x0, 0x0, 0x0, 0x0,
    0x1, 0xff, 0xff, 0xff, 0x40, 0x0, 0x0, 0x0,
    0x33, 0x33, 0x33, 0x0, 0x0, 0x0, 0x0, 0x6c,
    0xef, 0xd7, 0x10, 0x0, 0x0, 0x2d, 0xfb, 0x77,
    0xaf, 0xe3, 0x0, 0x0, 0xde, 0x30, 0x0, 0x2,
    0xde, 0x10, 0x8, 0xf4, 0x0, 0x0, 0x0, 0x2f,
    0xa0, 0xe, 0xc0, 0x0, 0x0, 0x0, 0xa, 0xf1,
    0x1f, 0x80, 0x0, 0x0, 0x0, 0x6, 0xf4, 0x3f,
    0x70, 0x0, 0x0, 0x0, 0x5, 0xf5, 0x1f, 0x80,
    0x0, 0x0, 0x0, 0x6, 0xf4, 0xe, 0xc0, 0x0,
    0x0, 0x0, 0xa, 0xf1, 0x8, 0xf4, 0x0, 0x0,
    0x0, 0x2f, 0xa0, 0x0, 0xde, 0x30, 0x0, 0x2,
    0xdf, 0x20, 0x0, 0x2d, 0xfb, 0x77, 0xaf, 0xe3,
    0x0, 0x0, 0x0, 0x6c, 0xef, 0xd7, 0x10, 0x0,

    /* U+014D "ō" */
    0x0, 0x6f, 0xff, 0xff, 0xe0, 0x0, 0x1, 0x33,
    0x33, 0x33, 0x0, 0x0, 0x0, 0x0, 0x0, 0x0,
    0x0, 0x0, 0x7d, 0xfe, 0xa3, 0x0, 0x0, 0xcf,
    0xa7, 0x8e, 0xf6, 0x0, 0x9f, 0x50, 0x0, 0xc,
    0xf2, 0xf, 0xb0, 0x0, 0x0, 0x3f, 0x82, 0xf8,
    0x0, 0x0, 0x0, 0xfb, 0x2f, 0x80, 0x0, 0x0,
    0xf, 0xa0, 0xfb, 0x0, 0x0, 0x3, 0xf8, 0x9,
    0xf4, 0x0, 0x1, 0xcf, 0x20, 0x1d, 0xfa, 0x78,
    0xef, 0x50, 0x0, 0x8, 0xdf, 0xea, 0x30, 0x0,

    /* U+014E "Ŏ" */
    0x0, 0x0, 0x6b, 0x11, 0x8a, 0x0, 0x0, 0x0,
    0x0, 0xc, 0xff, 0xe2, 0x0, 0x0, 0x0, 0x0,
    0x0, 0x22, 0x0, 0x0, 0x0, 0x0, 0x0, 0x6c,
    0xef, 0xd7, 0x10, 0x0, 0x0, 0x2d, 0xfb, 0x77,
    0xaf, 0xe3, 0x0, 0x0, 0xde, 0x30, 0x0, 0x2,
    0xde, 0x10, 0x8, 0xf4, 0x0, 0x0, 0x0, 0x2f,
    0xa0, 0xe, 0xc0, 0x0, 0x0, 0x0, 0xa, 0xf1,
    0x1f, 0x80, 0x0, 0x0, 0x0, 0x6, 0xf4, 0x3f,
    0x70, 0x0, 0x0, 0x0, 0x5, 0xf5, 0x1f, 0x80,
    0x0, 0x0, 0x0, 0x6, 0xf4, 0xe, 0xc0, 0x0,
    0x0, 0x0, 0xa, 0xf1, 0x8, 0xf4, 0x0, 0x0,
    0x0, 0x2f, 0xa0, 0x0, 0xde, 0x30, 0x0, 0x2,
    0xdf, 0x20, 0x0, 0x2d, 0xfb, 0x77, 0xaf, 0xe3,
    0x0, 0x0, 0x0, 0x6c, 0xef, 0xd7, 0x10, 0x0,

    /* U+014F "ŏ" */
    0x0, 0x9, 0xff, 0xff, 0x20, 0x0, 0x0, 0x2,
    0x43, 0x0, 0x0, 0x0, 0x0, 0x0, 0x0, 0x0,
    0x0, 0x0, 0x7d, 0xfe, 0xa3, 0x0, 0x0, 0xcf,
    0xa7, 0x8e, 0xf6, 0x0, 0x9f, 0x50, 0x0, 0xc,
    0xf2, 0xf, 0xb0, 0x0, 0x0, 0x3f, 0x82, 0xf8,
    0x0, 0x0, 0x0, 0xfb, 0x2f, 0x80, 0x0, 0x0,
    0xf, 0xa0, 0xfb, 0x0, 0x0, 0x3, 0xf8, 0x9,
    0xf4, 0x0, 0x1, 0xcf, 0x20, 0x1d, 0xfa, 0x78,
    0xef, 0x50, 0x0, 0x8, 0xdf, 0xea, 0x30, 0x0,

    /* U+0150 "Ő" */
    0x0, 0x0, 0x0, 0x64, 0x7, 0x20, 0x0, 0x0,
    0x0, 0x2, 0xf3, 0x6e, 0x0, 0x0, 0x0, 0x0,
    0x8, 0xa0, 0xd5, 0x0, 0x0, 0x0, 0x0, 0x6,
    0x21, 0x70, 0x0, 0x0, 0x0, 0x0, 0x6c, 0xef,
    0xd7, 0x10, 0x0, 0x0, 0x2d, 0xfb, 0x77, 0xaf,
    0xe3, 0x0, 0x0, 0xde, 0x30, 0x0, 0x2, 0xde,
    0x10, 0x8, 0xf4, 0x0, 0x0, 0x0, 0x2f, 0xa0,
    0xe, 0xc0, 0x0, 0x0, 0x0, 0xa, 0xf1, 0x1f,
    0x80, 0x0, 0x0, 0x0, 0x6, 0xf4, 0x3f, 0x70,
    0x0, 0x0, 0x0, 0x5, 0xf5, 0x1f, 0x80, 0x0,
    0x0, 0x0, 0x6, 0xf4, 0xe, 0xc0, 0x0, 0x0,
    0x0, 0xa, 0xf1, 0x8, 0xf4, 0x0, 0x0, 0x0,
    0x2f, 0xa0, 0x0, 0xde, 0x30, 0x0, 0x2, 0xdf,
    0x20, 0x0, 0x2d, 0xfb, 0x77, 0xaf, 0xe3, 0x0,
    0x0, 0x0, 0x6c, 0xef, 0xd7, 0x10, 0x0,

    /* U+0151 "ő" */
    0x0, 0x0, 0x5e, 0x19, 0xb0, 0x0, 0x0, 0xd,
    0x52, 0xe1, 0x0, 0x0, 0x0, 0x30, 0x22, 0x0,
    0x0, 0x0, 0x7d, 0xfe, 0xa3, 0x0, 0x0, 0xcf,
    0xa7, 0x8e, 0xf6, 0x0, 0x9f, 0x50, 0x0, 0xc,
    0xf2, 0xf, 0xb0, 0x0, 0x0, 0x3f, 0x82, 0xf8,
    0x0, 0x0, 0x0, 0xfb, 0x2f, 0x80, 0x0, 0x0,
    0xf, 0xa0, 0xfb, 0x0, 0x0, 0x3, 0xf8, 0x9,
    0xf4, 0x0, 0x1, 0xcf, 0x20, 0x1d, 0xfa, 0x78,
    0xef, 0x50, 0x0, 0x8, 0xdf, 0xea, 0x30, 0x0,

    /* U+0152 "Œ" */
    0x0, 0x0, 0x6c, 0xfe, 0xc5, 0x4, 0xff, 0xff,
    0xff, 0x70, 0x2, 0xdf, 0xb7, 0x7a, 0xfb, 0x5f,
    0x96, 0x66, 0x62, 0x0, 0xde, 0x30, 0x0, 0x2,
    0xdc, 0xf5, 0x0, 0x0, 0x0, 0x8f, 0x40, 0x0,
    0x0, 0x2, 0xff, 0x50, 0x0, 0x0, 0xe, 0xd0,
    0x0, 0x0, 0x0, 0xa, 0xf5, 0x0, 0x0, 0x1,
    0xf8, 0x0, 0x0, 0x0, 0x0, 0x6f, 0x50, 0x0,
    0x0, 0x3f, 0x70, 0x0, 0x0, 0x0, 0x5, 0xff,
    0xff, 0xfe, 0x1, 0xf8, 0x0, 0x0, 0x0, 0x0,
    0x6f, 0x73, 0x33, 0x30, 0xe, 0xc0, 0x0, 0x0,
    0x0, 0xa, 0xf5, 0x0, 0x0, 0x0, 0x8f, 0x30,
    0x0, 0x0, 0x1, 0xff, 0x50, 0x0, 0x0, 0x0,
    0xde, 0x20, 0x0, 0x1, 0xcd, 0xf5, 0x0, 0x0,
    0x0, 0x2, 0xdf, 0x95, 0x58, 0xec, 0x5f, 0x84,
    0x44, 0x42, 0x0, 0x0, 0x7c, 0xff, 0xc6, 0x4,
    0xff, 0xff, 0xff, 0x70,

    /* U+0153 "œ" */
    0x0, 0x7, 0xdf, 0xea, 0x30, 0x5, 0xcf, 0xfc,
    0x50, 0x0, 0xc, 0xfa, 0x68, 0xdf, 0x49, 0xfa,
    0x77, 0xcf, 0x90, 0x9, 0xf4, 0x0, 0x0, 0xcf,
    0xf6, 0x0, 0x0, 0x9f, 0x40, 0xfb, 0x0, 0x0,
    0x3, 0xfe, 0x0, 0x0, 0x1, 0xf9, 0x2f, 0x80,
    0x0, 0x0, 0xf, 0xff, 0xff, 0xff, 0xff, 0xa2,
    0xf8, 0x0, 0x0, 0x0, 0xfd, 0x22, 0x22, 0x22,
    0x21, 0xf, 0xb0, 0x0, 0x0, 0x3f, 0xf0, 0x0,
    0x0, 0x26, 0x10, 0x9f, 0x40, 0x0, 0xc, 0xdf,
    0x90, 0x0, 0xc, 0xf1, 0x1, 0xdf, 0x96, 0x7d,
    0xe2, 0x6f, 0xb7, 0x7d, 0xf5, 0x0, 0x0, 0x8d,
    0xfe, 0x91, 0x0, 0x5c, 0xfe, 0xb3, 0x0,

    /* U+0154 "Ŕ" */
    0x0, 0x0, 0x0, 0x0, 0x0, 0x0, 0x1, 0xa5,
    0x0, 0x0, 0x7, 0xfb, 0x20, 0x0, 0x7, 0xc4,
    0x0, 0x0, 0x0, 0x10, 0x0, 0x0, 0x9, 0xff,
    0xff, 0xe9, 0x10, 0x9f, 0x55, 0x58, 0xfd, 0x9,
    0xf0, 0x0, 0x5, 0xf7, 0x9f, 0x0, 0x0, 0xf,
    0xb9, 0xf0, 0x0, 0x0, 0xfb, 0x9f, 0x0, 0x0,
    0x3f, 0x89, 0xf1, 0x11, 0x4d, 0xf2, 0x9f, 0xff,
    0xff, 0xd3, 0x9, 0xf4, 0x4d, 0xf1, 0x0, 0x9f,
    0x0, 0x3f, 0xa0, 0x9, 0xf0, 0x0, 0x9f, 0x50,
    0x9f, 0x0, 0x0, 0xee, 0x19, 0xf0, 0x0, 0x5,
    0xfa,

    /* U+0155 "ŕ" */
    0x0, 0x0, 0x0, 0x0, 0x3, 0xa0, 0x1, 0x9f,
    0x90, 0xe, 0xb2, 0x0, 0x3, 0x0, 0x0, 0x9f,
    0x19, 0xe3, 0x9f, 0xce, 0xb2, 0x9f, 0xb0, 0x0,
    0x9f, 0x30, 0x0, 0x9f, 0x0, 0x0, 0x9f, 0x0,
    0x0, 0x9f, 0x0, 0x0, 0x9f, 0x0, 0x0, 0x9f,
    0x0, 0x0, 0x9f, 0x0, 0x0,

    /* U+0156 "Ŗ" */
    0x9f, 0xff, 0xfe, 0x91, 0x9, 0xf5, 0x55, 0x8f,
    0xd0, 0x9f, 0x0, 0x0, 0x5f, 0x79, 0xf0, 0x0,
    0x0, 0xfb, 0x9f, 0x0, 0x0, 0xf, 0xb9, 0xf0,
    0x0, 0x3, 0xf8, 0x9f, 0x11, 0x14, 0xdf, 0x29,
    0xff, 0xff, 0xfd, 0x30, 0x9f, 0x44, 0xdf, 0x10,
    0x9, 0xf0, 0x3, 0xfa, 0x0, 0x9f, 0x0, 0x9,
    0xf5, 0x9, 0xf0, 0x0, 0xe, 0xe1, 0x9f, 0x0,
    0x0, 0x5f, 0xa0, 0x0, 0x0, 0x0, 0x0, 0x0,
    0x0, 0x20, 0x0, 0x0, 0x0, 0x6f, 0x50, 0x0,
    0x0, 0x2, 0xb5, 0x0, 0x0, 0x0, 0x4c, 0x10,
    0x0,

    /* U+0157 "ŗ" */
    0x9f, 0x19, 0xe3, 0x9f, 0xce, 0xb2, 0x9f, 0xb0,
    0x0, 0x9f, 0x30, 0x0, 0x9f, 0x0, 0x0, 0x9f,
    0x0, 0x0, 0x9f, 0x0, 0x0, 0x9f, 0x0, 0x0,
    0x9f, 0x0, 0x0, 0x9f, 0x0, 0x0, 0x0, 0x0,
    0x0, 0x12, 0x0, 0x0, 0xaf, 0x10, 0x0, 0x3e,
    0x10, 0x0, 0x8a, 0x0, 0x0,

    /* U+0158 "Ř" */
    0x0, 0x40, 0x0, 0x30, 0x0, 0xd, 0xb3, 0x9f,
    0x0, 0x0, 0x8, 0xfa, 0x10, 0x0, 0x0, 0x0,
    0x0, 0x0, 0x9f, 0xff, 0xfe, 0x91, 0x9, 0xf5,
    0x55, 0x8f, 0xd0, 0x9f, 0x0, 0x0, 0x5f, 0x79,
    0xf0, 0x0, 0x0, 0xfb, 0x9f, 0x0, 0x0, 0xf,
    0xb9, 0xf0, 0x0, 0x3, 0xf8, 0x9f, 0x11, 0x14,
    0xdf, 0x29, 0xff, 0xff, 0xfd, 0x30, 0x9f, 0x44,
    0xdf, 0x10, 0x9, 0xf0, 0x3, 0xfa, 0x0, 0x9f,
    0x0, 0x9, 0xf5, 0x9, 0xf0, 0x0, 0xe, 0xe1,
    0x9f, 0x0, 0x0, 0x5f, 0xa0,

    /* U+0159 "ř" */
    0x10, 0x0, 0x2, 0x5e, 0x52, 0xc9, 0x5, 0xef,
    0x80, 0x0, 0x1, 0x0, 0x9f, 0x19, 0xe3, 0x9f,
    0xce, 0xb2, 0x9f, 0xb0, 0x0, 0x9f, 0x30, 0x0,
    0x9f, 0x0, 0x0, 0x9f, 0x0, 0x0, 0x9f, 0x0,
    0x0, 0x9f, 0x0, 0x0, 0x9f, 0x0, 0x0, 0x9f,
    0x0, 0x0,

    /* U+015A "Ś" */
    0x0, 0x0, 0x0, 0x0, 0x0, 0x0, 0x3, 0xc0,
    0x0, 0x0, 0x19, 0xf9, 0x0, 0x0, 0xc, 0xa2,
    0x0, 0x0, 0x0, 0x20, 0x0, 0x0, 0x0, 0x3b,
    0xef, 0xd7, 0x0, 0x3f, 0xe7, 0x7c, 0xfa, 0xb,
    0xf1, 0x0, 0xb, 0xf2, 0xec, 0x0, 0x0, 0x14,
    0x1c, 0xf3, 0x0, 0x0, 0x0, 0x4f, 0xf9, 0x40,
    0x0, 0x0, 0x3a, 0xff, 0xf9, 0x10, 0x0, 0x0,
    0x4a, 0xfe, 0x0, 0x0, 0x0, 0x7, 0xf6, 0x76,
    0x0, 0x0, 0x2f, 0x8c, 0xf2, 0x0, 0x6, 0xf5,
    0x3f, 0xe8, 0x69, 0xfc, 0x0, 0x3a, 0xef, 0xd8,
    0x0,

    /* U+015B "ś" */
    0x0, 0x0, 0x0, 0x0, 0x0, 0x0, 0x1, 0x96,
    0x0, 0x0, 0x7, 0xfc, 0x20, 0x0, 0x6, 0xd4,
    0x0, 0x0, 0x0, 0x10, 0x0, 0x0, 0x0, 0x7,
    0xdf, 0xe9, 0x10, 0x9, 0xfa, 0x69, 0xfc, 0x0,
    0xec, 0x0, 0x7, 0xf4, 0xc, 0xe3, 0x0, 0x1,
    0x0, 0x3e, 0xfc, 0x72, 0x0, 0x0, 0x5, 0xae,
    0xf9, 0x0, 0x0, 0x0, 0x8, 0xf5, 0xf, 0xb0,
    0x0, 0x3f, 0x60, 0x9f, 0xb6, 0x7e, 0xf2, 0x0,
    0x6d, 0xff, 0xb3, 0x0,

    /* U+015E "Ş" */
    0x3, 0xbe, 0xfd, 0x60, 0x3, 0xfe, 0x77, 0xcf,
    0xa0, 0xbf, 0x10, 0x0, 0xbf, 0x2d, 0xc0, 0x0,
    0x1, 0x41, 0xcf, 0x30, 0x0, 0x0, 0x4, 0xff,
    0x94, 0x0, 0x0, 0x3, 0xbf, 0xff, 0x91, 0x0,
    0x0, 0x4, 0xaf, 0xd0, 0x0, 0x0, 0x0, 0x7f,
    0x67, 0x60, 0x0, 0x2, 0xf8, 0xcf, 0x20, 0x0,
    0x6f, 0x54, 0xfe, 0x76, 0x9f, 0xc0, 0x3, 0xbf,
    0xfe, 0x90, 0x0, 0x0, 0x2e, 0x0, 0x0, 0x0,
    0x2, 0xfd, 0x60, 0x0, 0x0, 0x1, 0x6f, 0x20,
    0x0, 0x0, 0x5, 0xf2, 0x0, 0x0, 0xff, 0xe7,
    0x0,

    /* U+015F "ş" */
    0x0, 0x7d, 0xfe, 0x91, 0x0, 0x8f, 0xa6, 0x9f,
    0xc0, 0xe, 0xc0, 0x0, 0x7f, 0x30, 0xde, 0x20,
    0x0, 0x10, 0x4, 0xff, 0xb6, 0x10, 0x0, 0x1,
    0x6b, 0xff, 0x80, 0x0, 0x0, 0x0, 0x9f, 0x40,
    0xea, 0x0, 0x3, 0xf6, 0xa, 0xf9, 0x45, 0xcf,
    0x20, 0x8, 0xef, 0xfd, 0x40, 0x0, 0x0, 0xc5,
    0x0, 0x0, 0x0, 0xc, 0xfb, 0x10, 0x0, 0x0,
    0x1, 0xd8, 0x0, 0x0, 0x1, 0x2e, 0x80, 0x0,
    0xa, 0xff, 0xb1, 0x0,

    /* U+0160 "Š" */
    0x1, 0x10, 0x0, 0x30, 0x0, 0x3f, 0x62, 0xca,
    0x0, 0x0, 0x3c, 0xf8, 0x0, 0x0, 0x0, 0x1,
    0x0, 0x0, 0x3, 0xbe, 0xfd, 0x70, 0x3, 0xfe,
    0x77, 0xcf, 0xa0, 0xbf, 0x10, 0x0, 0xbf, 0x2e,
    0xc0, 0x0, 0x1, 0x41, 0xcf, 0x30, 0x0, 0x0,
    0x4, 0xff, 0x94, 0x0, 0x0, 0x3, 0xaf, 0xff,
    0x91, 0x0, 0x0, 0x4, 0xaf, 0xe0, 0x0, 0x0,
    0x0, 0x7f, 0x67, 0x60, 0x0, 0x2, 0xf8, 0xcf,
    0x20, 0x0, 0x6f, 0x53, 0xfe, 0x86, 0x9f, 0xc0,
    0x3, 0xae, 0xfd, 0x80, 0x0,

    /* U+0161 "š" */
    0x0, 0x40, 0x0, 0x31, 0x0, 0xb, 0xc4, 0x9f,
    0x20, 0x0, 0x7, 0xfb, 0x20, 0x0, 0x0, 0x0,
    0x0, 0x0, 0x0, 0x7d, 0xfe, 0x91, 0x0, 0x9f,
    0xa6, 0x9f, 0xc0, 0xe, 0xc0, 0x0, 0x7f, 0x40,
    0xce, 0x30, 0x0, 0x10, 0x3, 0xef, 0xc7, 0x20,
    0x0, 0x0, 0x5a, 0xef, 0x90, 0x0, 0x0, 0x0,
    0x8f, 0x50, 0xfb, 0x0, 0x3, 0xf6, 0x9, 0xfb,
    0x67, 0xef, 0x20, 0x6, 0xdf, 0xfb, 0x30,

    /* U+0162 "Ţ" */
    0x6f, 0xff, 0xff, 0xff, 0xf1, 0x25, 0x55, 0xfc,
    0x55, 0x50, 0x0, 0x0, 0xfb, 0x0, 0x0, 0x0,
    0x0, 0xfb, 0x0, 0x0, 0x0, 0x0, 0xfb, 0x0,
    0x0, 0x0, 0x0, 0xfb, 0x0, 0x0, 0x0, 0x0,
    0xfb, 0x0, 0x0, 0x0, 0x0, 0xfb, 0x0, 0x0,
    0x0, 0x0, 0xfb, 0x0, 0x0, 0x0, 0x0, 0xfb,
    0x0, 0x0, 0x0, 0x0, 0xfb, 0x0, 0x0, 0x0,
    0x0, 0xfb, 0x0, 0x0, 0x0, 0x0, 0xfb, 0x0,
    0x0, 0x0, 0x0, 0xa7, 0x0, 0x0, 0x0, 0x0,
    0xaf, 0xc2, 0x0, 0x0, 0x0, 0x0, 0xca, 0x0,
    0x0, 0x0, 0x11, 0xca, 0x0, 0x0, 0x8, 0xff,
    0xc2, 0x0,

    /* U+0163 "ţ" */
    0x4, 0xf6, 0x0, 0x0, 0x4f, 0x60, 0x0, 0x4,
    0xf6, 0x0, 0x8, 0xff, 0xff, 0xf0, 0x28, 0xf9,
    0x55, 0x0, 0x4f, 0x60, 0x0, 0x4, 0xf6, 0x0,
    0x0, 0x4f, 0x60, 0x0, 0x4, 0xf6, 0x0, 0x0,
    0x4f, 0x60, 0x0, 0x3, 0xf6, 0x0, 0x0, 0x1f,
    0xd6, 0x50, 0x0, 0x5f, 0xff, 0x0, 0x0, 0xf1,
    0x0, 0x0, 0xf, 0xf9, 0x0, 0x0, 0x2, 0xf4,
    0x0, 0x1, 0x3f, 0x40, 0xd, 0xff, 0x90,

    /* U+0164 "Ť" */
    0x0, 0x30, 0x0, 0x12, 0x0, 0x0, 0x8d, 0x46,
    0xf4, 0x0, 0x0, 0x6, 0xec, 0x30, 0x0, 0x0,
    0x0, 0x0, 0x0, 0x0, 0x6f, 0xff, 0xff, 0xff,
    0xf1, 0x25, 0x55, 0xfc, 0x55, 0x50, 0x0, 0x0,
    0xfb, 0x0, 0x0, 0x0, 0x0, 0xfb, 0x0, 0x0,
    0x0, 0x0, 0xfb, 0x0, 0x0, 0x0, 0x0, 0xfb,
    0x0, 0x0, 0x0, 0x0, 0xfb, 0x0, 0x0, 0x0,
    0x0, 0xfb, 0x0, 0x0, 0x0, 0x0, 0xfb, 0x0,
    0x0, 0x0, 0x0, 0xfb, 0x0, 0x0, 0x0, 0x0,
    0xfb, 0x0, 0x0, 0x0, 0x0, 0xfb, 0x0, 0x0,
    0x0, 0x0, 0xfb, 0x0, 0x0,

    /* U+0165 "ť" */
    0x0, 0x0, 0x4f, 0x60, 0x4f, 0x60, 0x68, 0x4,
    0xf6, 0x8, 0x70, 0x4f, 0x63, 0xb1, 0x8f, 0xff,
    0xff, 0x2, 0x8f, 0x95, 0x50, 0x4, 0xf6, 0x0,
    0x0, 0x4f, 0x60, 0x0, 0x4, 0xf6, 0x0, 0x0,
    0x4f, 0x60, 0x0, 0x4, 0xf6, 0x0, 0x0, 0x3f,
    0x60, 0x0, 0x1, 0xfd, 0x65, 0x0, 0x5, 0xdf,
    0xf0,

    /* U+0168 "Ũ" */
    0x0, 0xb, 0xd5, 0x2d, 0x0, 0x0, 0x6a, 0x4d,
    0xf6, 0x0, 0x0, 0x10, 0x0, 0x10, 0x0, 0xaf,
    0x0, 0x0, 0x0, 0xdc, 0xaf, 0x0, 0x0, 0x0,
    0xdc, 0xaf, 0x0, 0x0, 0x0, 0xdc, 0xaf, 0x0,
    0x0, 0x0, 0xdc, 0xaf, 0x0, 0x0, 0x0, 0xdc,
    0xaf, 0x0, 0x0, 0x0, 0xdc, 0xaf, 0x0, 0x0,
    0x0, 0xdc, 0xaf, 0x0, 0x0, 0x0, 0xdc, 0x9f,
    0x0, 0x0, 0x0, 0xec, 0x7f, 0x20, 0x0, 0x0,
    0xfa, 0x2f, 0xa0, 0x0, 0x8, 0xf4, 0x8, 0xfd,
    0x88, 0xcf, 0xa0, 0x0, 0x5c, 0xff, 0xc6, 0x0,

    /* U+0169 "ũ" */
    0x0, 0x3e, 0xc2, 0x69, 0x0, 0x0, 0xb6, 0x6f,
    0xe2, 0x0, 0x0, 0x10, 0x0, 0x0, 0x0, 0xbe,
    0x0, 0x0, 0x8, 0xf2, 0xbe, 0x0, 0x0, 0x8,
    0xf2, 0xbe, 0x0, 0x0, 0x8, 0xf2, 0xbe, 0x0,
    0x0, 0x8, 0xf2, 0xbe, 0x0, 0x0, 0x8, 0xf2,
    0xbe, 0x0, 0x0, 0x8, 0xf2, 0xaf, 0x0, 0x0,
    0xa, 0xf2, 0x6f, 0x60, 0x0, 0x1f, 0xf2, 0xd,
    0xf8, 0x56, 0xee, 0xf2, 0x1, 0x9e, 0xfd, 0x68,
    0xf2,

    /* U+016A "Ū" */
    0x0, 0x0, 0x0, 0x0, 0x0, 0x1, 0xff, 0xff,
    0xff, 0x30, 0x0, 0x33, 0x33, 0x33, 0x0, 0xaf,
    0x0, 0x0, 0x0, 0xdc, 0xaf, 0x0, 0x0, 0x0,
    0xdc, 0xaf, 0x0, 0x0, 0x0, 0xdc, 0xaf, 0x0,
    0x0, 0x0, 0xdc, 0xaf, 0x0, 0x0, 0x0, 0xdc,
    0xaf, 0x0, 0x0, 0x0, 0xdc, 0xaf, 0x0, 0x0,
    0x0, 0xdc, 0xaf, 0x0, 0x0, 0x0, 0xdc, 0x9f,
    0x0, 0x0, 0x0, 0xec, 0x7f, 0x20, 0x0, 0x0,
    0xfa, 0x2f, 0xa0, 0x0, 0x8, 0xf4, 0x8, 0xfd,
    0x88, 0xcf, 0xa0, 0x0, 0x5c, 0xff, 0xc6, 0x0,

    /* U+016B "ū" */
    0x6, 0xff, 0xff, 0xfe, 0x0, 0x1, 0x33, 0x33,
    0x33, 0x0, 0x0, 0x0, 0x0, 0x0, 0x0, 0xbe,
    0x0, 0x0, 0x8, 0xf2, 0xbe, 0x0, 0x0, 0x8,
    0xf2, 0xbe, 0x0, 0x0, 0x8, 0xf2, 0xbe, 0x0,
    0x0, 0x8, 0xf2, 0xbe, 0x0, 0x0, 0x8, 0xf2,
    0xbe, 0x0, 0x0, 0x8, 0xf2, 0xaf, 0x0, 0x0,
    0xa, 0xf2, 0x6f, 0x60, 0x0, 0x1f, 0xf2, 0xd,
    0xf8, 0x56, 0xee, 0xf2, 0x1, 0x9e, 0xfd, 0x68,
    0xf2,

    /* U+016C "Ŭ" */
    0x0, 0x6b, 0x11, 0x99, 0x0, 0x0, 0x1c, 0xff,
    0xe2, 0x0, 0x0, 0x0, 0x22, 0x0, 0x0, 0xaf,
    0x0, 0x0, 0x0, 0xdc, 0xaf, 0x0, 0x0, 0x0,
    0xdc, 0xaf, 0x0, 0x0, 0x0, 0xdc, 0xaf, 0x0,
    0x0, 0x0, 0xdc, 0xaf, 0x0, 0x0, 0x0, 0xdc,
    0xaf, 0x0, 0x0, 0x0, 0xdc, 0xaf, 0x0, 0x0,
    0x0, 0xdc, 0xaf, 0x0, 0x0, 0x0, 0xdc, 0x9f,
    0x0, 0x0, 0x0, 0xec, 0x7f, 0x20, 0x0, 0x0,
    0xfa, 0x2f, 0xa0, 0x0, 0x8, 0xf4, 0x8, 0xfd,
    0x88, 0xcf, 0xa0, 0x0, 0x5c, 0xff, 0xc6, 0x0,

    /* U+016D "ŭ" */
    0x0, 0x9f, 0xff, 0xf2, 0x0, 0x0, 0x2, 0x43,
    0x0, 0x0, 0x0, 0x0, 0x0, 0x0, 0x0, 0xbe,
    0x0, 0x0, 0x8, 0xf2, 0xbe, 0x0, 0x0, 0x8,
    0xf2, 0xbe, 0x0, 0x0, 0x8, 0xf2, 0xbe, 0x0,
    0x0, 0x8, 0xf2, 0xbe, 0x0, 0x0, 0x8, 0xf2,
    0xbe, 0x0, 0x0, 0x8, 0xf2, 0xaf, 0x0, 0x0,
    0xa, 0xf2, 0x6f, 0x60, 0x0, 0x1f, 0xf2, 0xd,
    0xf8, 0x56, 0xee, 0xf2, 0x1, 0x9e, 0xfd, 0x68,
    0xf2,

    /* U+016E "Ů" */
    0x0, 0x4, 0xdd, 0x60, 0x0, 0x0, 0xc, 0x41,
    0xf0, 0x0, 0x0, 0x4, 0xdd, 0x70, 0x0, 0x0,
    0x0, 0x0, 0x0, 0x0, 0xaf, 0x0, 0x0, 0x0,
    0xdc, 0xaf, 0x0, 0x0, 0x0, 0xdc, 0xaf, 0x0,
    0x0, 0x0, 0xdc, 0xaf, 0x0, 0x0, 0x0, 0xdc,
    0xaf, 0x0, 0x0, 0x0, 0xdc, 0xaf, 0x0, 0x0,
    0x0, 0xdc, 0xaf, 0x0, 0x0, 0x0, 0xdc, 0xaf,
    0x0, 0x0, 0x0, 0xdc, 0x9f, 0x0, 0x0, 0x0,
    0xec, 0x7f, 0x20, 0x0, 0x0, 0xfa, 0x2f, 0xa0,
    0x0, 0x8, 0xf4, 0x8, 0xfd, 0x88, 0xcf, 0xa0,
    0x0, 0x5c, 0xff, 0xc6, 0x0,

    /* U+016F "ů" */
    0x0, 0x6, 0xdb, 0x10, 0x0, 0x0, 0xe, 0x6,
    0x90, 0x0, 0x0, 0xe, 0x16, 0x90, 0x0, 0x0,
    0x6, 0xdc, 0x20, 0x0, 0x0, 0x0, 0x0, 0x0,
    0x0, 0xbe, 0x0, 0x0, 0x8, 0xf2, 0xbe, 0x0,
    0x0, 0x8, 0xf2, 0xbe, 0x0, 0x0, 0x8, 0xf2,
    0xbe, 0x0, 0x0, 0x8, 0xf2, 0xbe, 0x0, 0x0,
    0x8, 0xf2, 0xbe, 0x0, 0x0, 0x8, 0xf2, 0xaf,
    0x0, 0x0, 0xa, 0xf2, 0x6f, 0x60, 0x0, 0x1f,
    0xf2, 0xd, 0xf8, 0x56, 0xee, 0xf2, 0x1, 0x9e,
    0xfd, 0x68, 0xf2,

    /* U+0170 "Ű" */
    0x0, 0x0, 0x74, 0x8, 0x20, 0x0, 0x2, 0xf2,
    0x7d, 0x0, 0x0, 0x9, 0xa0, 0xd5, 0x0, 0x0,
    0x7, 0x11, 0x70, 0x0, 0xaf, 0x0, 0x0, 0x0,
    0xdc, 0xaf, 0x0, 0x0, 0x0, 0xdc, 0xaf, 0x0,
    0x0, 0x0, 0xdc, 0xaf, 0x0, 0x0, 0x0, 0xdc,
    0xaf, 0x0, 0x0, 0x0, 0xdc, 0xaf, 0x0, 0x0,
    0x0, 0xdc, 0xaf, 0x0, 0x0, 0x0, 0xdc, 0xaf,
    0x0, 0x0, 0x0, 0xdc, 0x9f, 0x0, 0x0, 0x0,
    0xec, 0x7f, 0x20, 0x0, 0x0, 0xfa, 0x2f, 0xa0,
    0x0, 0x8, 0xf4, 0x8, 0xfd, 0x88, 0xcf, 0xa0,
    0x0, 0x5c, 0xff, 0xc6, 0x0,

    /* U+0171 "ű" */
    0x0, 0x5, 0xe1, 0x9b, 0x0, 0x0, 0xd, 0x53,
    0xe1, 0x0, 0x0, 0x3, 0x2, 0x20, 0x0, 0xbe,
    0x0, 0x0, 0x8, 0xf2, 0xbe, 0x0, 0x0, 0x8,
    0xf2, 0xbe, 0x0, 0x0, 0x8, 0xf2, 0xbe, 0x0,
    0x0, 0x8, 0xf2, 0xbe, 0x0, 0x0, 0x8, 0xf2,
    0xbe, 0x0, 0x0, 0x8, 0xf2, 0xaf, 0x0, 0x0,
    0xa, 0xf2, 0x6f, 0x60, 0x0, 0x1f, 0xf2, 0xd,
    0xf8, 0x56, 0xee, 0xf2, 0x1, 0x9e, 0xfd, 0x68,
    0xf2,

    /* U+0172 "Ų" */
    0xaf, 0x0, 0x0, 0x0, 0xdc, 0xaf, 0x0, 0x0,
    0x0, 0xdc, 0xaf, 0x0, 0x0, 0x0, 0xdc, 0xaf,
    0x0, 0x0, 0x0, 0xdc, 0xaf, 0x0, 0x0, 0x0,
    0xdc, 0xaf, 0x0, 0x0, 0x0, 0xdc, 0xaf, 0x0,
    0x0, 0x0, 0xdc, 0xaf, 0x0, 0x0, 0x0, 0xdc,
    0x9f, 0x10, 0x0, 0x0, 0xeb, 0x6f, 0x50, 0x0,
    0x2, 0xf8, 0x1e, 0xe3, 0x0, 0x2c, 0xf1, 0x3,
    0xef, 0xfe, 0xff, 0x40, 0x0, 0x6, 0xfd, 0x60,
    0x0, 0x0, 0xd, 0x90, 0x0, 0x0, 0x0, 0xf,
    0x70, 0x10, 0x0, 0x0, 0x8, 0xff, 0x70, 0x0,
    0x0, 0x0, 0x1, 0x0, 0x0,

    /* U+0173 "ų" */
    0xbe, 0x0, 0x0, 0x8, 0xf2, 0xbe, 0x0, 0x0,
    0x8, 0xf2, 0xbe, 0x0, 0x0, 0x8, 0xf2, 0xbe,
    0x0, 0x0, 0x8, 0xf2, 0xbe, 0x0, 0x0, 0x8,
    0xf2, 0xbe, 0x0, 0x0, 0x8, 0xf2, 0xaf, 0x0,
    0x0, 0xa, 0xf2, 0x6f, 0x70, 0x0, 0x2f, 0xf2,
    0xd, 0xfa, 0x79, 0xfd, 0xf2, 0x1, 0x9e, 0xfd,
    0x6a, 0xf2, 0x0, 0x0, 0x0, 0xca, 0x20, 0x0,
    0x0, 0x3, 0xf3, 0x0, 0x0, 0x0, 0x0, 0xcf,
    0xf4, 0x0, 0x0, 0x0, 0x1, 0x0,

    /* U+0174 "Ŵ" */
    0x0, 0x0, 0x0, 0x1, 0x84, 0x0, 0x0, 0x0,
    0x0, 0x0, 0x0, 0x0, 0x5e, 0xbe, 0xa1, 0x0,
    0x0, 0x0, 0x0, 0x0, 0x0, 0x94, 0x1, 0x93,
    0x0, 0x0, 0x0, 0x0, 0x0, 0x0, 0x0, 0x0,
    0x0, 0x0, 0x0, 0x0, 0x7f, 0x40, 0x0, 0x3,
    0xfe, 0x0, 0x0, 0xb, 0xf0, 0x3f, 0x80, 0x0,
    0x7, 0xff, 0x20, 0x0, 0xf, 0xb0, 0xe, 0xc0,
    0x0, 0xc, 0xff, 0x60, 0x0, 0x3f, 0x70, 0xa,
    0xf0, 0x0, 0xf, 0x8f, 0xa0, 0x0, 0x7f, 0x20,
    0x6, 0xf4, 0x0, 0x5f, 0x3b, 0xe0, 0x0, 0xbe,
    0x0, 0x1, 0xf8, 0x0, 0x9e, 0x6, 0xf3, 0x0,
    0xf9, 0x0, 0x0, 0xdc, 0x0, 0xd9, 0x2, 0xf7,
    0x3, 0xf5, 0x0, 0x0, 0x9f, 0x2, 0xf5, 0x0,
    0xdb, 0x7, 0xf1, 0x0, 0x0, 0x4f, 0x46, 0xf0,
    0x0, 0x9f, 0xb, 0xc0, 0x0, 0x0, 0xf, 0x8b,
    0xb0, 0x0, 0x4f, 0x4f, 0x70, 0x0, 0x0, 0xc,
    0xcf, 0x70, 0x0, 0xf, 0xcf, 0x30, 0x0, 0x0,
    0x7, 0xff, 0x20, 0x0, 0xb, 0xfe, 0x0, 0x0,
    0x0, 0x3, 0xfe, 0x0, 0x0, 0x7, 0xfa, 0x0,
    0x0,

    /* U+0175 "ŵ" */
    0x0, 0x0, 0x0, 0x28, 0x10, 0x0, 0x0, 0x0,
    0x0, 0x0, 0x8f, 0xce, 0x60, 0x0, 0x0, 0x0,
    0x0, 0x1b, 0x20, 0x4b, 0x0, 0x0, 0x0, 0x0,
    0x0, 0x0, 0x0, 0x0, 0x0, 0x0, 0xaf, 0x0,
    0x0, 0x8f, 0x60, 0x0, 0x3f, 0x65, 0xf4, 0x0,
    0xd, 0xfb, 0x0, 0x7, 0xf1, 0xf, 0x90, 0x1,
    0xfb, 0xf0, 0x0, 0xcc, 0x0, 0xbd, 0x0, 0x6e,
    0x3f, 0x40, 0xf, 0x70, 0x6, 0xf1, 0xb, 0xa0,
    0xe8, 0x4, 0xf2, 0x0, 0x1f, 0x50, 0xf5, 0x9,
    0xd0, 0x8d, 0x0, 0x0, 0xca, 0x4f, 0x10, 0x4f,
    0x2d, 0x80, 0x0, 0x7, 0xe9, 0xb0, 0x0, 0xf8,
    0xf3, 0x0, 0x0, 0x2f, 0xf7, 0x0, 0xb, 0xfe,
    0x0, 0x0, 0x0, 0xdf, 0x20, 0x0, 0x6f, 0x90,
    0x0,

    /* U+0176 "Ŷ" */
    0x0, 0x0, 0x26, 0x0, 0x0, 0x0, 0x0, 0x8f,
    0xdd, 0x40, 0x0, 0x0, 0x3b, 0x20, 0x6b, 0x0,
    0x0, 0x0, 0x0, 0x0, 0x0, 0x0, 0x6f, 0x60,
    0x0, 0x0, 0xde, 0x0, 0xdd, 0x0, 0x0, 0x5f,
    0x60, 0x6, 0xf5, 0x0, 0xd, 0xe0, 0x0, 0xd,
    0xc0, 0x4, 0xf6, 0x0, 0x0, 0x6f, 0x40, 0xcd,
    0x0, 0x0, 0x0, 0xdb, 0x3f, 0x60, 0x0, 0x0,
    0x5, 0xfd, 0xd0, 0x0, 0x0, 0x0, 0xd, 0xf6,
    0x0, 0x0, 0x0, 0x0, 0x8f, 0x10, 0x0, 0x0,
    0x0, 0x8, 0xf1, 0x0, 0x0, 0x0, 0x0, 0x8f,
    0x10, 0x0, 0x0, 0x0, 0x8, 0xf1, 0x0, 0x0,
    0x0, 0x0, 0x8f, 0x10, 0x0, 0x0,

    /* U+0177 "ŷ" */
    0x0, 0x0, 0x56, 0x0, 0x0, 0x0, 0x2b, 0xed,
    0xc3, 0x0, 0x0, 0x68, 0x0, 0x78, 0x0, 0x0,
    0x0, 0x0, 0x0, 0x0, 0x9f, 0x30, 0x0, 0x0,
    0xfa, 0x3f, 0x90, 0x0, 0x5, 0xf4, 0xc, 0xe0,
    0x0, 0xb, 0xe0, 0x6, 0xf5, 0x0, 0x1f, 0x70,
    0x0, 0xfb, 0x0, 0x7f, 0x10, 0x0, 0x9f, 0x10,
    0xdb, 0x0, 0x0, 0x3f, 0x73, 0xf4, 0x0, 0x0,
    0xd, 0xd9, 0xe0, 0x0, 0x0, 0x7, 0xff, 0x80,
    0x0, 0x0, 0x1, 0xff, 0x10, 0x0, 0x0, 0x0,
    0xfb, 0x0, 0x0, 0x0, 0x5, 0xf5, 0x0, 0x0,
    0x0, 0xc, 0xe0, 0x0, 0x0, 0x0, 0x2f, 0x80,
    0x0, 0x0, 0x0, 0x8f, 0x20, 0x0, 0x0,

    /* U+0178 "Ÿ" */
    0x0, 0xc, 0x71, 0xc6, 0x0, 0x0, 0x0, 0xe8,
    0x1e, 0x70, 0x0, 0x0, 0x0, 0x0, 0x0, 0x0,
    0x6, 0xf6, 0x0, 0x0, 0xd, 0xe0, 0xd, 0xd0,
    0x0, 0x5, 0xf6, 0x0, 0x6f, 0x50, 0x0, 0xde,
    0x0, 0x0, 0xdc, 0x0, 0x4f, 0x60, 0x0, 0x6,
    0xf4, 0xc, 0xd0, 0x0, 0x0, 0xd, 0xb3, 0xf6,
    0x0, 0x0, 0x0, 0x5f, 0xdd, 0x0, 0x0, 0x0,
    0x0, 0xdf, 0x60, 0x0, 0x0, 0x0, 0x8, 0xf1,
    0x0, 0x0, 0x0, 0x0, 0x8f, 0x10, 0x0, 0x0,
    0x0, 0x8, 0xf1, 0x0, 0x0, 0x0, 0x0, 0x8f,
    0x10, 0x0, 0x0, 0x0, 0x8, 0xf1, 0x0, 0x0,

    /* U+0179 "Ź" */
    0x0, 0x0, 0x0, 0x0, 0x0, 0x0, 0x0, 0x79,
    0x0, 0x0, 0x4, 0xdd, 0x40, 0x0, 0x3, 0xe6,
    0x0, 0x0, 0x0, 0x0, 0x0, 0x0, 0x1, 0xff,
    0xff, 0xff, 0xfd, 0x6, 0x66, 0x66, 0x9f, 0xb0,
    0x0, 0x0, 0xb, 0xf2, 0x0, 0x0, 0x5, 0xf8,
    0x0, 0x0, 0x0, 0xee, 0x0, 0x0, 0x0, 0x8f,
    0x50, 0x0, 0x0, 0x2f, 0xc0, 0x0, 0x0, 0xb,
    0xf3, 0x0, 0x0, 0x4, 0xf9, 0x0, 0x0, 0x0,
    0xde, 0x10, 0x0, 0x0, 0x7f, 0x60, 0x0, 0x0,
    0x1f, 0xf6, 0x66, 0x66, 0x62, 0xff, 0xff, 0xff,
    0xfe,

    /* U+017A "ź" */
    0x0, 0x0, 0x0, 0x0, 0x0, 0x0, 0x6c, 0x0,
    0x0, 0x3c, 0xe6, 0x0, 0x0, 0xe7, 0x0, 0x0,
    0x0, 0x10, 0x0, 0x0, 0x3f, 0xff, 0xff, 0xf6,
    0x15, 0x55, 0x5c, 0xf4, 0x0, 0x0, 0x3f, 0xa0,
    0x0, 0x0, 0xde, 0x10, 0x0, 0x8, 0xf5, 0x0,
    0x0, 0x3f, 0xa0, 0x0, 0x0, 0xde, 0x10, 0x0,
    0x8, 0xf5, 0x0, 0x0, 0x2f, 0xe5, 0x55, 0x52,
    0x4f, 0xff, 0xff, 0xf7,

    /* U+017B "Ż" */
    0x0, 0x0, 0xb8, 0x0, 0x0, 0x0, 0xd, 0x90,
    0x0, 0x0, 0x0, 0x0, 0x0, 0x1, 0xff, 0xff,
    0xff, 0xfd, 0x6, 0x66, 0x66, 0x9f, 0xb0, 0x0,
    0x0, 0xb, 0xf2, 0x0, 0x0, 0x5, 0xf8, 0x0,
    0x0, 0x0, 0xee, 0x0, 0x0, 0x0, 0x8f, 0x50,
    0x0, 0x0, 0x2f, 0xc0, 0x0, 0x0, 0xb, 0xf3,
    0x0, 0x0, 0x4, 0xf9, 0x0, 0x0, 0x0, 0xde,
    0x10, 0x0, 0x0, 0x7f, 0x60, 0x0, 0x0, 0x1f,
    0xf6, 0x66, 0x66, 0x62, 0xff, 0xff, 0xff, 0xfe,

    /* U+017C "ż" */
    0x0, 0x9, 0xd0, 0x0, 0x0, 0x8, 0xb0, 0x0,
    0x0, 0x0, 0x0, 0x0, 0x3f, 0xff, 0xff, 0xf6,
    0x15, 0x55, 0x5c, 0xf4, 0x0, 0x0, 0x3f, 0xa0,
    0x0, 0x0, 0xde, 0x10, 0x0, 0x8, 0xf5, 0x0,
    0x0, 0x3f, 0xa0, 0x0, 0x0, 0xde, 0x10, 0x0,
    0x8, 0xf5, 0x0, 0x0, 0x2f, 0xe5, 0x55, 0x52,
    0x4f, 0xff, 0xff, 0xf7,

    /* U+017D "Ž" */
    0x0, 0x30, 0x0, 0x12, 0x0, 0x8, 0xd4, 0x6f,
    0x40, 0x0, 0x6, 0xec, 0x30, 0x0, 0x0, 0x0,
    0x0, 0x0, 0x1f, 0xff, 0xff, 0xff, 0xd0, 0x66,
    0x66, 0x69, 0xfb, 0x0, 0x0, 0x0, 0xbf, 0x20,
    0x0, 0x0, 0x5f, 0x80, 0x0, 0x0, 0xe, 0xe0,
    0x0, 0x0, 0x8, 0xf5, 0x0, 0x0, 0x2, 0xfc,
    0x0, 0x0, 0x0, 0xbf, 0x30, 0x0, 0x0, 0x4f,
    0x90, 0x0, 0x0, 0xd, 0xe1, 0x0, 0x0, 0x7,
    0xf6, 0x0, 0x0, 0x1, 0xff, 0x66, 0x66, 0x66,
    0x2f, 0xff, 0xff, 0xff, 0xe0,

    /* U+017E "ž" */
    0x3, 0x20, 0x0, 0x40, 0x4, 0xf8, 0x5e, 0x70,
    0x0, 0x2b, 0xd4, 0x0, 0x0, 0x0, 0x0, 0x0,
    0x3f, 0xff, 0xff, 0xf6, 0x15, 0x55, 0x5c, 0xf4,
    0x0, 0x0, 0x3f, 0xa0, 0x0, 0x0, 0xde, 0x10,
    0x0, 0x8, 0xf5, 0x0, 0x0, 0x3f, 0xa0, 0x0,
    0x0, 0xde, 0x10, 0x0, 0x8, 0xf5, 0x0, 0x0,
    0x2f, 0xe5, 0x55, 0x52, 0x4f, 0xff, 0xff, 0xf7,

    /* U+018F "Ə" */
    0x0, 0x7, 0xcf, 0xfd, 0x71, 0x0, 0x0, 0x1d,
    0xfc, 0x98, 0xcf, 0xd2, 0x0, 0xc, 0xf6, 0x0,
    0x0, 0x4f, 0xd0, 0x5, 0xf8, 0x0, 0x0, 0x0,
    0x6f, 0x70, 0x12, 0x0, 0x0, 0x0, 0x0, 0xed,
    0x0, 0x0, 0x0, 0x0, 0x0, 0xb, 0xf0, 0xcf,
    0xff, 0xff, 0xff, 0xff, 0xff, 0x1b, 0xf8, 0x88,
    0x88, 0x88, 0x8d, 0xf0, 0xaf, 0x10, 0x0, 0x0,
    0x0, 0xdd, 0x5, 0xf6, 0x0, 0x0, 0x0, 0x4f,
    0x70, 0xd, 0xf4, 0x0, 0x0, 0x3e, 0xe0, 0x0,
    0x2d, 0xfc, 0x88, 0xbf, 0xe3, 0x0, 0x0, 0x7,
    0xcf, 0xfd, 0x71, 0x0, 0x0,

    /* U+0192 "ƒ" */
    0x0, 0x1, 0x9e, 0xb0, 0x0, 0xbf, 0x84, 0x0,
    0x1f, 0x90, 0x0, 0x7f, 0xff, 0xf8, 0x2, 0x8f,
    0x85, 0x20, 0x6, 0xf3, 0x0, 0x0, 0x8f, 0x10,
    0x0, 0xa, 0xf0, 0x0, 0x0, 0xbe, 0x0, 0x0,
    0xd, 0xc0, 0x0, 0x0, 0xfb, 0x0, 0x0, 0xf,
    0x90, 0x0, 0x2, 0xf7, 0x0, 0x0, 0x4f, 0x50,
    0x0, 0x19, 0xf2, 0x0, 0xc, 0xf9, 0x0, 0x0,
    0x32, 0x0, 0x0, 0x0,

    /* U+01FC "Ǽ" */
    0x0, 0x0, 0x0, 0x0, 0x0, 0x0, 0x0, 0x0,
    0x0, 0x0, 0x0, 0x0, 0x0, 0x6c, 0x0, 0x0,
    0x0, 0x0, 0x0, 0x0, 0x4d, 0xe5, 0x0, 0x0,
    0x0, 0x0, 0x0, 0x0, 0xe7, 0x0, 0x0, 0x0,
    0x0, 0x0, 0x0, 0x0, 0x0, 0x0, 0x0, 0x0,
    0x0, 0x0, 0x0, 0xe, 0xff, 0xff, 0xff, 0xf1,
    0x0, 0x0, 0x0, 0x7f, 0xdf, 0x44, 0x44, 0x40,
    0x0, 0x0, 0x1, 0xfb, 0xaf, 0x0, 0x0, 0x0,
    0x0, 0x0, 0x9, 0xf2, 0xaf, 0x0, 0x0, 0x0,
    0x0, 0x0, 0x2f, 0xa0, 0xaf, 0x0, 0x0, 0x0,
    0x0, 0x0, 0xaf, 0x20, 0xaf, 0x0, 0x0, 0x0,
    0x0, 0x3, 0xf9, 0x0, 0xaf, 0xff, 0xff, 0x80,
    0x0, 0xc, 0xf1, 0x0, 0xaf, 0x33, 0x33, 0x10,
    0x0, 0x5f, 0x80, 0x0, 0xaf, 0x0, 0x0, 0x0,
    0x0, 0xdf, 0xff, 0xff, 0xff, 0x0, 0x0, 0x0,
    0x6, 0xf7, 0x33, 0x33, 0xbf, 0x0, 0x0, 0x0,
    0xe, 0xd0, 0x0, 0x0, 0xaf, 0x44, 0x44, 0x40,
    0x8f, 0x40, 0x0, 0x0, 0xaf, 0xff, 0xff, 0xf1,

    /* U+01FD "ǽ" */
    0x0, 0x0, 0x0, 0x0, 0x0, 0x0, 0x0, 0x0,
    0x0, 0x0, 0x0, 0x0, 0x0, 0x0, 0x0, 0x2b,
    0x0, 0x0, 0x0, 0x0, 0x0, 0x0, 0x0, 0x1,
    0x9f, 0xa0, 0x0, 0x0, 0x0, 0x0, 0x0, 0x0,
    0x0, 0xdb, 0x30, 0x0, 0x0, 0x0, 0x0, 0x0,
    0x0, 0x0, 0x2, 0x0, 0x0, 0x0, 0x0, 0x0,
    0x0, 0x8d, 0xfe, 0x80, 0xc9, 0x1a, 0xef, 0xd8,
    0x0, 0x1, 0xdf, 0xa6, 0x7d, 0xdd, 0xbe, 0xc7,
    0x6a, 0xfd, 0x0, 0xaf, 0x50, 0x0, 0xc, 0xff,
    0x80, 0x0, 0x4, 0xf8, 0xf, 0xb0, 0x0, 0x0,
    0x2f, 0xe0, 0x0, 0x0, 0xc, 0xe2, 0xf8, 0x0,
    0x0, 0x0, 0xef, 0xff, 0xff, 0xff, 0xff, 0x2f,
    0x80, 0x0, 0x0, 0xe, 0xe3, 0x33, 0x33, 0x33,
    0x20, 0xfb, 0x0, 0x0, 0x2, 0xff, 0x20, 0x0,
    0x0, 0x54, 0x9, 0xf5, 0x0, 0x0, 0xbf, 0xfb,
    0x0, 0x0, 0x7f, 0x60, 0x1d, 0xfa, 0x67, 0xdb,
    0xda, 0xdd, 0x76, 0xaf, 0xb0, 0x0, 0x18, 0xef,
    0xd7, 0xd, 0x91, 0x9e, 0xfd, 0x70, 0x0,

    /* U+0218 "Ș" */
    0x3, 0xbe, 0xfd, 0x70, 0x3, 0xfe, 0x77, 0xcf,
    0xa0, 0xbf, 0x10, 0x0, 0xbf, 0x2e, 0xc0, 0x0,
    0x1, 0x41, 0xcf, 0x30, 0x0, 0x0, 0x4, 0xff,
    0x94, 0x0, 0x0, 0x3, 0xaf, 0xff, 0x91, 0x0,
    0x0, 0x4, 0xaf, 0xe0, 0x0, 0x0, 0x0, 0x7f,
    0x67, 0x60, 0x0, 0x2, 0xf8, 0xcf, 0x20, 0x0,
    0x6f, 0x53, 0xfe, 0x86, 0x9f, 0xc0, 0x3, 0xae,
    0xfd, 0x80, 0x0, 0x0, 0x0, 0x0, 0x0, 0x0,
    0x1, 0x20, 0x0, 0x0, 0x0, 0x7f, 0x40, 0x0,
    0x0, 0x2, 0xc5, 0x0, 0x0, 0x0, 0x5b, 0x0,
    0x0,

    /* U+0219 "ș" */
    0x0, 0x7d, 0xfe, 0x91, 0x0, 0x9f, 0xa6, 0x9f,
    0xc0, 0xe, 0xc0, 0x0, 0x7f, 0x40, 0xce, 0x30,
    0x0, 0x10, 0x3, 0xef, 0xc7, 0x20, 0x0, 0x0,
    0x5a, 0xef, 0x90, 0x0, 0x0, 0x0, 0x8f, 0x50,
    0xfb, 0x0, 0x3, 0xf6, 0x9, 0xfb, 0x67, 0xef,
    0x20, 0x6, 0xdf, 0xfb, 0x30, 0x0, 0x0, 0x0,
    0x0, 0x0, 0x0, 0x2, 0x10, 0x0, 0x0, 0x1,
    0xfa, 0x0, 0x0, 0x0, 0x8, 0xb0, 0x0, 0x0,
    0x0, 0xd4, 0x0, 0x0,

    /* U+021A "Ț" */
    0x6f, 0xff, 0xff, 0xff, 0xf1, 0x25, 0x55, 0xfc,
    0x55, 0x50, 0x0, 0x0, 0xfb, 0x0, 0x0, 0x0,
    0x0, 0xfb, 0x0, 0x0, 0x0, 0x0, 0xfb, 0x0,
    0x0, 0x0, 0x0, 0xfb, 0x0, 0x0, 0x0, 0x0,
    0xfb, 0x0, 0x0, 0x0, 0x0, 0xfb, 0x0, 0x0,
    0x0, 0x0, 0xfb, 0x0, 0x0, 0x0, 0x0, 0xfb,
    0x0, 0x0, 0x0, 0x0, 0xfb, 0x0, 0x0, 0x0,
    0x0, 0xfb, 0x0, 0x0, 0x0, 0x0, 0xfb, 0x0,
    0x0, 0x0, 0x0, 0x0, 0x0, 0x0, 0x0, 0x0,
    0x21, 0x0, 0x0, 0x0, 0x0, 0xfb, 0x0, 0x0,
    0x0, 0x0, 0x7c, 0x0, 0x0, 0x0, 0x0, 0xc5,
    0x0, 0x0,

    /* U+021B "ț" */
    0x4, 0xf6, 0x0, 0x4, 0xf6, 0x0, 0x4, 0xf6,
    0x0, 0x8f, 0xff, 0xff, 0x28, 0xf9, 0x55, 0x4,
    0xf6, 0x0, 0x4, 0xf6, 0x0, 0x4, 0xf6, 0x0,
    0x4, 0xf6, 0x0, 0x4, 0xf6, 0x0, 0x3, 0xf6,
    0x0, 0x1, 0xfd, 0x65, 0x0, 0x5d, 0xff, 0x0,
    0x0, 0x0, 0x0, 0x2, 0x0, 0x0, 0x6f, 0x40,
    0x0, 0x2b, 0x50, 0x0, 0x5c, 0x0
};


/*---------------------
 *  GLYPH DESCRIPTION
 *--------------------*/

static const lv_font_fmt_txt_glyph_dsc_t glyph_dsc[] = {
    {.bitmap_index = 0, .adv_w = 0, .box_w = 0, .box_h = 0, .ofs_x = 0, .ofs_y = 0} /* id = 0 reserved */,
    {.bitmap_index = 0, .adv_w = 77, .box_w = 0, .box_h = 0, .ofs_x = 0, .ofs_y = 0},
    {.bitmap_index = 0, .adv_w = 86, .box_w = 3, .box_h = 13, .ofs_x = 1, .ofs_y = 0},
    {.bitmap_index = 20, .adv_w = 84, .box_w = 5, .box_h = 4, .ofs_x = 0, .ofs_y = 11},
    {.bitmap_index = 30, .adv_w = 242, .box_w = 15, .box_h = 13, .ofs_x = 0, .ofs_y = 0},
    {.bitmap_index = 128, .adv_w = 179, .box_w = 9, .box_h = 16, .ofs_x = 1, .ofs_y = -2},
    {.bitmap_index = 200, .adv_w = 219, .box_w = 13, .box_h = 13, .ofs_x = 0, .ofs_y = 0},
    {.bitmap_index = 285, .adv_w = 213, .box_w = 14, .box_h = 13, .ofs_x = 0, .ofs_y = 0},
    {.bitmap_index = 376, .adv_w = 46, .box_w = 3, .box_h = 4, .ofs_x = 0, .ofs_y = 11},
    {.bitmap_index = 382, .adv_w = 131, .box_w = 7, .box_h = 20, .ofs_x = 1, .ofs_y = -3},
    {.bitmap_index = 452, .adv_w = 131, .box_w = 7, .box_h = 20, .ofs_x = 0, .ofs_y = -3},
    {.bitmap_index = 522, .adv_w = 140, .box_w = 7, .box_h = 7, .ofs_x = 1, .ofs_y = 6},
    {.bitmap_index = 547, .adv_w = 197, .box_w = 10, .box_h = 10, .ofs_x = 1, .ofs_y = 2},
    {.bitmap_index = 597, .adv_w = 57, .box_w = 5, .box_h = 5, .ofs_x = -1, .ofs_y = -3},
    {.bitmap_index = 610, .adv_w = 159, .box_w = 8, .box_h = 3, .ofs_x = 1, .ofs_y = 5},
    {.bitmap_index = 622, .adv_w = 60, .box_w = 3, .box_h = 3, .ofs_x = 0, .ofs_y = 0},
    {.bitmap_index = 627, .adv_w = 137, .box_w = 8, .box_h = 20, .ofs_x = 0, .ofs_y = -3},
    {.bitmap_index = 707, .adv_w = 181, .box_w = 10, .box_h = 13, .ofs_x = 1, .ofs_y = 0},
    {.bitmap_index = 772, .adv_w = 92, .box_w = 5, .box_h = 13, .ofs_x = 0, .ofs_y = 0},
    {.bitmap_index = 805, .adv_w = 166, .box_w = 10, .box_h = 13, .ofs_x = 0, .ofs_y = 0},
    {.bitmap_index = 870, .adv_w = 170, .box_w = 10, .box_h = 13, .ofs_x = 0, .ofs_y = 0},
    {.bitmap_index = 935, .adv_w = 181, .box_w = 11, .box_h = 13, .ofs_x = 0, .ofs_y = 0},
    {.bitmap_index = 1007, .adv_w = 181, .box_w = 10, .box_h = 13, .ofs_x = 1, .ofs_y = 0},
    {.bitmap_index = 1072, .adv_w = 183, .box_w = 10, .box_h = 13, .ofs_x = 1, .ofs_y = 0},
    {.bitmap_index = 1137, .adv_w = 157, .box_w = 10, .box_h = 13, .ofs_x = 0, .ofs_y = 0},
    {.bitmap_index = 1202, .adv_w = 182, .box_w = 10, .box_h = 13, .ofs_x = 1, .ofs_y = 0},
    {.bitmap_index = 1267, .adv_w = 181, .box_w = 10, .box_h = 13, .ofs_x = 1, .ofs_y = 0},
    {.bitmap_index = 1332, .adv_w = 61, .box_w = 3, .box_h = 10, .ofs_x = 0, .ofs_y = 0},
    {.bitmap_index = 1347, .adv_w = 76, .box_w = 4, .box_h = 13, .ofs_x = 0, .ofs_y = -3},
    {.bitmap_index = 1373, .adv_w = 160, .box_w = 7, .box_h = 9, .ofs_x = 1, .ofs_y = 2},
    {.bitmap_index = 1405, .adv_w = 208, .box_w = 11, .box_h = 7, .ofs_x = 1, .ofs_y = 3},
    {.bitmap_index = 1444, .adv_w = 155, .box_w = 8, .box_h = 9, .ofs_x = 1, .ofs_y = 2},
    {.bitmap_index = 1480, .adv_w = 151, .box_w = 9, .box_h = 13, .ofs_x = 0, .ofs_y = 0},
    {.bitmap_index = 1539, .adv_w = 292, .box_w = 16, .box_h = 16, .ofs_x = 1, .ofs_y = -4},
    {.bitmap_index = 1667, .adv_w = 194, .box_w = 12, .box_h = 13, .ofs_x = 0, .ofs_y = 0},
    {.bitmap_index = 1745, .adv_w = 177, .box_w = 10, .box_h = 13, .ofs_x = 1, .ofs_y = 0},
    {.bitmap_index = 1810, .adv_w = 222, .box_w = 13, .box_h = 13, .ofs_x = 0, .ofs_y = 0},
    {.bitmap_index = 1895, .adv_w = 204, .box_w = 11, .box_h = 13, .ofs_x = 1, .ofs_y = 0},
    {.bitmap_index = 1967, .adv_w = 148, .box_w = 8, .box_h = 13, .ofs_x = 1, .ofs_y = 0},
    {.bitmap_index = 2019, .adv_w = 145, .box_w = 8, .box_h = 13, .ofs_x = 1, .ofs_y = 0},
    {.bitmap_index = 2071, .adv_w = 224, .box_w = 14, .box_h = 13, .ofs_x = 0, .ofs_y = 0},
    {.bitmap_index = 2162, .adv_w = 199, .box_w = 11, .box_h = 13, .ofs_x = 1, .ofs_y = 0},
    {.bitmap_index = 2234, .adv_w = 71, .box_w = 3, .box_h = 13, .ofs_x = 1, .ofs_y = 0},
    {.bitmap_index = 2254, .adv_w = 153, .box_w = 8, .box_h = 13, .ofs_x = 0, .ofs_y = 0},
    {.bitmap_index = 2306, .adv_w = 173, .box_w = 10, .box_h = 13, .ofs_x = 1, .ofs_y = 0},
    {.bitmap_index = 2371, .adv_w = 124, .box_w = 7, .box_h = 13, .ofs_x = 1, .ofs_y = 0},
    {.bitmap_index = 2417, .adv_w = 248, .box_w = 14, .box_h = 13, .ofs_x = 1, .ofs_y = 0},
    {.bitmap_index = 2508, .adv_w = 202, .box_w = 11, .box_h = 13, .ofs_x = 1, .ofs_y = 0},
    {.bitmap_index = 2580, .adv_w = 226, .box_w = 14, .box_h = 13, .ofs_x = 0, .ofs_y = 0},
    {.bitmap_index = 2671, .adv_w = 167, .box_w = 9, .box_h = 13, .ofs_x = 1, .ofs_y = 0},
    {.bitmap_index = 2730, .adv_w = 227, .box_w = 14, .box_h = 15, .ofs_x = 0, .ofs_y = -2},
    {.bitmap_index = 2835, .adv_w = 175, .box_w = 9, .box_h = 13, .ofs_x = 1, .ofs_y = 0},
    {.bitmap_index = 2894, .adv_w = 169, .box_w = 9, .box_h = 13, .ofs_x = 1, .ofs_y = 0},
    {.bitmap_index = 2953, .adv_w = 156, .box_w = 10, .box_h = 13, .ofs_x = 0, .ofs_y = 0},
    {.bitmap_index = 3018, .adv_w = 194, .box_w = 10, .box_h = 13, .ofs_x = 1, .ofs_y = 0},
    {.bitmap_index = 3083, .adv_w = 195, .box_w = 12, .box_h = 13, .ofs_x = 0, .ofs_y = 0},
    {.bitmap_index = 3161, .adv_w = 281, .box_w = 18, .box_h = 13, .ofs_x = 0, .ofs_y = 0},
    {.bitmap_index = 3278, .adv_w = 179, .box_w = 11, .box_h = 13, .ofs_x = 0, .ofs_y = 0},
    {.bitmap_index = 3350, .adv_w = 168, .box_w = 11, .box_h = 13, .ofs_x = 0, .ofs_y = 0},
    {.bitmap_index = 3422, .adv_w = 156, .box_w = 9, .box_h = 13, .ofs_x = 0, .ofs_y = 0},
    {.bitmap_index = 3481, .adv_w = 122, .box_w = 4, .box_h = 22, .ofs_x = 2, .ofs_y = -4},
    {.bitmap_index = 3525, .adv_w = 190, .box_w = 8, .box_h = 20, .ofs_x = 2, .ofs_y = -3},
    {.bitmap_index = 3605, .adv_w = 122, .box_w = 5, .box_h = 22, .ofs_x = 1, .ofs_y = -4},
    {.bitmap_index = 3660, .adv_w = 181, .box_w = 11, .box_h = 10, .ofs_x = 0, .ofs_y = 3},
    {.bitmap_index = 3715, .adv_w = 211, .box_w = 11, .box_h = 2, .ofs_x = 1, .ofs_y = -2},
    {.bitmap_index = 3726, .adv_w = 74, .box_w = 5, .box_h = 5, .ofs_x = 0, .ofs_y = 10},
    {.bitmap_index = 3739, .adv_w = 195, .box_w = 11, .box_h = 10, .ofs_x = 0, .ofs_y = 0},
    {.bitmap_index = 3794, .adv_w = 195, .box_w = 11, .box_h = 13, .ofs_x = 1, .ofs_y = 0},
    {.bitmap_index = 3866, .adv_w = 175, .box_w = 11, .box_h = 10, .ofs_x = 0, .ofs_y = 0},
    {.bitmap_index = 3921, .adv_w = 195, .box_w = 11, .box_h = 13, .ofs_x = 0, .ofs_y = 0},
    {.bitmap_index = 3993, .adv_w = 179, .box_w = 11, .box_h = 10, .ofs_x = 0, .ofs_y = 0},
    {.bitmap_index = 4048, .adv_w = 95, .box_w = 6, .box_h = 13, .ofs_x = 0, .ofs_y = 0},
    {.bitmap_index = 4087, .adv_w = 195, .box_w = 11, .box_h = 15, .ofs_x = 0, .ofs_y = -5},
    {.bitmap_index = 4170, .adv_w = 184, .box_w = 10, .box_h = 13, .ofs_x = 1, .ofs_y = 0},
    {.bitmap_index = 4235, .adv_w = 71, .box_w = 3, .box_h = 13, .ofs_x = 1, .ofs_y = 0},
    {.bitmap_index = 4255, .adv_w = 71, .box_w = 5, .box_h = 18, .ofs_x = -1, .ofs_y = -5},
    {.bitmap_index = 4300, .adv_w = 148, .box_w = 9, .box_h = 13, .ofs_x = 1, .ofs_y = 0},
    {.bitmap_index = 4359, .adv_w = 71, .box_w = 3, .box_h = 13, .ofs_x = 1, .ofs_y = 0},
    {.bitmap_index = 4379, .adv_w = 297, .box_w = 17, .box_h = 10, .ofs_x = 1, .ofs_y = 0},
    {.bitmap_index = 4464, .adv_w = 184, .box_w = 10, .box_h = 10, .ofs_x = 1, .ofs_y = 0},
    {.bitmap_index = 4514, .adv_w = 184, .box_w = 11, .box_h = 10, .ofs_x = 0, .ofs_y = 0},
    {.bitmap_index = 4569, .adv_w = 195, .box_w = 11, .box_h = 15, .ofs_x = 1, .ofs_y = -5},
    {.bitmap_index = 4652, .adv_w = 195, .box_w = 11, .box_h = 15, .ofs_x = 0, .ofs_y = -5},
    {.bitmap_index = 4735, .adv_w = 107, .box_w = 6, .box_h = 10, .ofs_x = 1, .ofs_y = 0},
    {.bitmap_index = 4765, .adv_w = 150, .box_w = 9, .box_h = 10, .ofs_x = 0, .ofs_y = 0},
    {.bitmap_index = 4810, .adv_w = 105, .box_w = 6, .box_h = 13, .ofs_x = 0, .ofs_y = 0},
    {.bitmap_index = 4849, .adv_w = 184, .box_w = 10, .box_h = 10, .ofs_x = 1, .ofs_y = 0},
    {.bitmap_index = 4899, .adv_w = 162, .box_w = 10, .box_h = 10, .ofs_x = 0, .ofs_y = 0},
    {.bitmap_index = 4949, .adv_w = 236, .box_w = 15, .box_h = 10, .ofs_x = 0, .ofs_y = 0},
    {.bitmap_index = 5024, .adv_w = 138, .box_w = 9, .box_h = 10, .ofs_x = 0, .ofs_y = 0},
    {.bitmap_index = 5069, .adv_w = 162, .box_w = 10, .box_h = 15, .ofs_x = 0, .ofs_y = -5},
    {.bitmap_index = 5144, .adv_w = 131, .box_w = 8, .box_h = 10, .ofs_x = 0, .ofs_y = 0},
    {.bitmap_index = 5184, .adv_w = 133, .box_w = 7, .box_h = 22, .ofs_x = 1, .ofs_y = -4},
    {.bitmap_index = 5261, .adv_w = 84, .box_w = 3, .box_h = 16, .ofs_x = 1, .ofs_y = -2},
    {.bitmap_index = 5285, .adv_w = 133, .box_w = 6, .box_h = 22, .ofs_x = 1, .ofs_y = -4},
    {.bitmap_index = 5351, .adv_w = 149, .box_w = 9, .box_h = 4, .ofs_x = 0, .ofs_y = 4},
    {.bitmap_index = 5369, .adv_w = 77, .box_w = 0, .box_h = 0, .ofs_x = 0, .ofs_y = 0},
    {.bitmap_index = 5369, .adv_w = 86, .box_w = 3, .box_h = 13, .ofs_x = 1, .ofs_y = -3},
    {.bitmap_index = 5389, .adv_w = 192, .box_w = 10, .box_h = 13, .ofs_x = 1, .ofs_y = -2},
    {.bitmap_index = 5454, .adv_w = 179, .box_w = 10, .box_h = 13, .ofs_x = 0, .ofs_y = 0},
    {.bitmap_index = 5519, .adv_w = 155, .box_w = 8, .box_h = 8, .ofs_x = 1, .ofs_y = 3},
    {.bitmap_index = 5551, .adv_w = 171, .box_w = 11, .box_h = 13, .ofs_x = 0, .ofs_y = 0},
    {.bitmap_index = 5623, .adv_w = 84, .box_w = 3, .box_h = 16, .ofs_x = 1, .ofs_y = -2},
    {.bitmap_index = 5647, .adv_w = 166, .box_w = 10, .box_h = 17, .ofs_x = 0, .ofs_y = -4},
    {.bitmap_index = 5732, .adv_w = 90, .box_w = 6, .box_h = 2, .ofs_x = 0, .ofs_y = 11},
    {.bitmap_index = 5738, .adv_w = 228, .box_w = 14, .box_h = 13, .ofs_x = 0, .ofs_y = 0},
    {.bitmap_index = 5829, .adv_w = 130, .box_w = 8, .box_h = 7, .ofs_x = 0, .ofs_y = 6},
    {.bitmap_index = 5857, .adv_w = 133, .box_w = 8, .box_h = 7, .ofs_x = 0, .ofs_y = 2},
    {.bitmap_index = 5885, .adv_w = 187, .box_w = 11, .box_h = 5, .ofs_x = 0, .ofs_y = 4},
    {.bitmap_index = 5913, .adv_w = 159, .box_w = 8, .box_h = 3, .ofs_x = 1, .ofs_y = 5},
    {.bitmap_index = 5925, .adv_w = 147, .box_w = 9, .box_h = 8, .ofs_x = 0, .ofs_y = 5},
    {.bitmap_index = 5961, .adv_w = 111, .box_w = 7, .box_h = 3, .ofs_x = 0, .ofs_y = 11},
    {.bitmap_index = 5972, .adv_w = 118, .box_w = 7, .box_h = 6, .ofs_x = 0, .ofs_y = 6},
    {.bitmap_index = 5993, .adv_w = 198, .box_w = 10, .box_h = 10, .ofs_x = 1, .ofs_y = 1},
    {.bitmap_index = 6043, .adv_w = 95, .box_w = 6, .box_h = 7, .ofs_x = 0, .ofs_y = 6},
    {.bitmap_index = 6064, .adv_w = 96, .box_w = 6, .box_h = 7, .ofs_x = 0, .ofs_y = 6},
    {.bitmap_index = 6085, .adv_w = 71, .box_w = 5, .box_h = 5, .ofs_x = 0, .ofs_y = 10},
    {.bitmap_index = 6098, .adv_w = 186, .box_w = 10, .box_h = 15, .ofs_x = 1, .ofs_y = -5},
    {.bitmap_index = 6173, .adv_w = 172, .box_w = 10, .box_h = 13, .ofs_x = 0, .ofs_y = 0},
    {.bitmap_index = 6238, .adv_w = 61, .box_w = 4, .box_h = 3, .ofs_x = 0, .ofs_y = 5},
    {.bitmap_index = 6244, .adv_w = 78, .box_w = 5, .box_h = 7, .ofs_x = 0, .ofs_y = -6},
    {.bitmap_index = 6262, .adv_w = 56, .box_w = 3, .box_h = 7, .ofs_x = 0, .ofs_y = 6},
    {.bitmap_index = 6273, .adv_w = 126, .box_w = 8, .box_h = 7, .ofs_x = 0, .ofs_y = 6},
    {.bitmap_index = 6301, .adv_w = 133, .box_w = 8, .box_h = 7, .ofs_x = 0, .ofs_y = 2},
    {.bitmap_index = 6329, .adv_w = 184, .box_w = 11, .box_h = 13, .ofs_x = 0, .ofs_y = -1},
    {.bitmap_index = 6401, .adv_w = 194, .box_w = 12, .box_h = 14, .ofs_x = 0, .ofs_y = -1},
    {.bitmap_index = 6485, .adv_w = 204, .box_w = 13, .box_h = 14, .ofs_x = 0, .ofs_y = -1},
    {.bitmap_index = 6576, .adv_w = 149, .box_w = 9, .box_h = 14, .ofs_x = 0, .ofs_y = -4},
    {.bitmap_index = 6639, .adv_w = 194, .box_w = 12, .box_h = 18, .ofs_x = 0, .ofs_y = 0},
    {.bitmap_index = 6747, .adv_w = 194, .box_w = 12, .box_h = 18, .ofs_x = 0, .ofs_y = 0},
    {.bitmap_index = 6855, .adv_w = 194, .box_w = 12, .box_h = 17, .ofs_x = 0, .ofs_y = 0},
    {.bitmap_index = 6957, .adv_w = 194, .box_w = 12, .box_h = 15, .ofs_x = 0, .ofs_y = 0},
    {.bitmap_index = 7047, .adv_w = 194, .box_w = 12, .box_h = 16, .ofs_x = 0, .ofs_y = 0},
    {.bitmap_index = 7143, .adv_w = 194, .box_w = 12, .box_h = 17, .ofs_x = 0, .ofs_y = 0},
    {.bitmap_index = 7245, .adv_w = 259, .box_w = 16, .box_h = 13, .ofs_x = 0, .ofs_y = 0},
    {.bitmap_index = 7349, .adv_w = 222, .box_w = 13, .box_h = 18, .ofs_x = 0, .ofs_y = -5},
    {.bitmap_index = 7466, .adv_w = 148, .box_w = 8, .box_h = 18, .ofs_x = 1, .ofs_y = 0},
    {.bitmap_index = 7538, .adv_w = 148, .box_w = 8, .box_h = 18, .ofs_x = 1, .ofs_y = 0},
    {.bitmap_index = 7610, .adv_w = 148, .box_w = 8, .box_h = 17, .ofs_x = 1, .ofs_y = 0},
    {.bitmap_index = 7678, .adv_w = 148, .box_w = 8, .box_h = 16, .ofs_x = 1, .ofs_y = 0},
    {.bitmap_index = 7742, .adv_w = 71, .box_w = 4, .box_h = 18, .ofs_x = 0, .ofs_y = 0},
    {.bitmap_index = 7778, .adv_w = 71, .box_w = 4, .box_h = 18, .ofs_x = 0, .ofs_y = 0},
    {.bitmap_index = 7814, .adv_w = 71, .box_w = 6, .box_h = 17, .ofs_x = -1, .ofs_y = 0},
    {.bitmap_index = 7865, .adv_w = 71, .box_w = 6, .box_h = 16, .ofs_x = -1, .ofs_y = 0},
    {.bitmap_index = 7913, .adv_w = 209, .box_w = 13, .box_h = 13, .ofs_x = 0, .ofs_y = 0},
    {.bitmap_index = 7998, .adv_w = 202, .box_w = 11, .box_h = 15, .ofs_x = 1, .ofs_y = 0},
    {.bitmap_index = 8081, .adv_w = 226, .box_w = 14, .box_h = 17, .ofs_x = 0, .ofs_y = 0},
    {.bitmap_index = 8200, .adv_w = 226, .box_w = 14, .box_h = 17, .ofs_x = 0, .ofs_y = 0},
    {.bitmap_index = 8319, .adv_w = 226, .box_w = 14, .box_h = 17, .ofs_x = 0, .ofs_y = 0},
    {.bitmap_index = 8438, .adv_w = 226, .box_w = 14, .box_h = 16, .ofs_x = 0, .ofs_y = 0},
    {.bitmap_index = 8550, .adv_w = 226, .box_w = 14, .box_h = 16, .ofs_x = 0, .ofs_y = 0},
    {.bitmap_index = 8662, .adv_w = 185, .box_w = 9, .box_h = 9, .ofs_x = 1, .ofs_y = 2},
    {.bitmap_index = 8703, .adv_w = 226, .box_w = 14, .box_h = 13, .ofs_x = 0, .ofs_y = 0},
    {.bitmap_index = 8794, .adv_w = 194, .box_w = 10, .box_h = 18, .ofs_x = 1, .ofs_y = 0},
    {.bitmap_index = 8884, .adv_w = 194, .box_w = 10, .box_h = 18, .ofs_x = 1, .ofs_y = 0},
    {.bitmap_index = 8974, .adv_w = 194, .box_w = 10, .box_h = 17, .ofs_x = 1, .ofs_y = 0},
    {.bitmap_index = 9059, .adv_w = 194, .box_w = 10, .box_h = 16, .ofs_x = 1, .ofs_y = 0},
    {.bitmap_index = 9139, .adv_w = 168, .box_w = 11, .box_h = 18, .ofs_x = 0, .ofs_y = 0},
    {.bitmap_index = 9238, .adv_w = 167, .box_w = 9, .box_h = 13, .ofs_x = 1, .ofs_y = 0},
    {.bitmap_index = 9297, .adv_w = 196, .box_w = 11, .box_h = 13, .ofs_x = 1, .ofs_y = 0},
    {.bitmap_index = 9369, .adv_w = 195, .box_w = 11, .box_h = 15, .ofs_x = 0, .ofs_y = 0},
    {.bitmap_index = 9452, .adv_w = 195, .box_w = 11, .box_h = 15, .ofs_x = 0, .ofs_y = 0},
    {.bitmap_index = 9535, .adv_w = 195, .box_w = 11, .box_h = 14, .ofs_x = 0, .ofs_y = 0},
    {.bitmap_index = 9612, .adv_w = 195, .box_w = 11, .box_h = 13, .ofs_x = 0, .ofs_y = 0},
    {.bitmap_index = 9684, .adv_w = 195, .box_w = 11, .box_h = 13, .ofs_x = 0, .ofs_y = 0},
    {.bitmap_index = 9756, .adv_w = 195, .box_w = 11, .box_h = 15, .ofs_x = 0, .ofs_y = 0},
    {.bitmap_index = 9839, .adv_w = 316, .box_w = 19, .box_h = 10, .ofs_x = 0, .ofs_y = 0},
    {.bitmap_index = 9934, .adv_w = 175, .box_w = 11, .box_h = 15, .ofs_x = 0, .ofs_y = -5},
    {.bitmap_index = 10017, .adv_w = 179, .box_w = 11, .box_h = 15, .ofs_x = 0, .ofs_y = 0},
    {.bitmap_index = 10100, .adv_w = 179, .box_w = 11, .box_h = 15, .ofs_x = 0, .ofs_y = 0},
    {.bitmap_index = 10183, .adv_w = 179, .box_w = 11, .box_h = 14, .ofs_x = 0, .ofs_y = 0},
    {.bitmap_index = 10260, .adv_w = 179, .box_w = 11, .box_h = 13, .ofs_x = 0, .ofs_y = 0},
    {.bitmap_index = 10332, .adv_w = 71, .box_w = 4, .box_h = 15, .ofs_x = 0, .ofs_y = 0},
    {.bitmap_index = 10362, .adv_w = 71, .box_w = 4, .box_h = 15, .ofs_x = 0, .ofs_y = 0},
    {.bitmap_index = 10392, .adv_w = 71, .box_w = 6, .box_h = 14, .ofs_x = -1, .ofs_y = 0},
    {.bitmap_index = 10434, .adv_w = 71, .box_w = 6, .box_h = 13, .ofs_x = -1, .ofs_y = 0},
    {.bitmap_index = 10473, .adv_w = 184, .box_w = 11, .box_h = 14, .ofs_x = 0, .ofs_y = 0},
    {.bitmap_index = 10550, .adv_w = 184, .box_w = 10, .box_h = 13, .ofs_x = 1, .ofs_y = 0},
    {.bitmap_index = 10615, .adv_w = 184, .box_w = 11, .box_h = 15, .ofs_x = 0, .ofs_y = 0},
    {.bitmap_index = 10698, .adv_w = 184, .box_w = 11, .box_h = 15, .ofs_x = 0, .ofs_y = 0},
    {.bitmap_index = 10781, .adv_w = 184, .box_w = 11, .box_h = 14, .ofs_x = 0, .ofs_y = 0},
    {.bitmap_index = 10858, .adv_w = 184, .box_w = 11, .box_h = 13, .ofs_x = 0, .ofs_y = 0},
    {.bitmap_index = 10930, .adv_w = 184, .box_w = 11, .box_h = 13, .ofs_x = 0, .ofs_y = 0},
    {.bitmap_index = 11002, .adv_w = 189, .box_w = 10, .box_h = 10, .ofs_x = 1, .ofs_y = 2},
    {.bitmap_index = 11052, .adv_w = 184, .box_w = 11, .box_h = 10, .ofs_x = 0, .ofs_y = 0},
    {.bitmap_index = 11107, .adv_w = 184, .box_w = 10, .box_h = 15, .ofs_x = 1, .ofs_y = 0},
    {.bitmap_index = 11182, .adv_w = 184, .box_w = 10, .box_h = 15, .ofs_x = 1, .ofs_y = 0},
    {.bitmap_index = 11257, .adv_w = 184, .box_w = 10, .box_h = 14, .ofs_x = 1, .ofs_y = 0},
    {.bitmap_index = 11327, .adv_w = 184, .box_w = 10, .box_h = 13, .ofs_x = 1, .ofs_y = 0},
    {.bitmap_index = 11392, .adv_w = 162, .box_w = 10, .box_h = 20, .ofs_x = 0, .ofs_y = -5},
    {.bitmap_index = 11492, .adv_w = 195, .box_w = 11, .box_h = 18, .ofs_x = 1, .ofs_y = -5},
    {.bitmap_index = 11591, .adv_w = 162, .box_w = 10, .box_h = 18, .ofs_x = 0, .ofs_y = -5},
    {.bitmap_index = 11681, .adv_w = 194, .box_w = 12, .box_h = 16, .ofs_x = 0, .ofs_y = 0},
    {.bitmap_index = 11777, .adv_w = 195, .box_w = 11, .box_h = 13, .ofs_x = 0, .ofs_y = 0},
    {.bitmap_index = 11849, .adv_w = 194, .box_w = 12, .box_h = 16, .ofs_x = 0, .ofs_y = 0},
    {.bitmap_index = 11945, .adv_w = 195, .box_w = 11, .box_h = 13, .ofs_x = 0, .ofs_y = 0},
    {.bitmap_index = 12017, .adv_w = 194, .box_w = 12, .box_h = 18, .ofs_x = 0, .ofs_y = -5},
    {.bitmap_index = 12125, .adv_w = 195, .box_w = 11, .box_h = 14, .ofs_x = 0, .ofs_y = -4},
    {.bitmap_index = 12202, .adv_w = 222, .box_w = 13, .box_h = 18, .ofs_x = 0, .ofs_y = 0},
    {.bitmap_index = 12319, .adv_w = 175, .box_w = 11, .box_h = 15, .ofs_x = 0, .ofs_y = 0},
    {.bitmap_index = 12402, .adv_w = 222, .box_w = 13, .box_h = 16, .ofs_x = 0, .ofs_y = 0},
    {.bitmap_index = 12506, .adv_w = 175, .box_w = 11, .box_h = 13, .ofs_x = 0, .ofs_y = 0},
    {.bitmap_index = 12578, .adv_w = 222, .box_w = 13, .box_h = 17, .ofs_x = 0, .ofs_y = 0},
    {.bitmap_index = 12689, .adv_w = 175, .box_w = 11, .box_h = 14, .ofs_x = 0, .ofs_y = 0},
    {.bitmap_index = 12766, .adv_w = 204, .box_w = 11, .box_h = 17, .ofs_x = 1, .ofs_y = 0},
    {.bitmap_index = 12860, .adv_w = 217, .box_w = 14, .box_h = 13, .ofs_x = 0, .ofs_y = 0},
    {.bitmap_index = 12951, .adv_w = 209, .box_w = 13, .box_h = 13, .ofs_x = 0, .ofs_y = 0},
    {.bitmap_index = 13036, .adv_w = 194, .box_w = 12, .box_h = 13, .ofs_x = 0, .ofs_y = 0},
    {.bitmap_index = 13114, .adv_w = 148, .box_w = 8, .box_h = 16, .ofs_x = 1, .ofs_y = 0},
    {.bitmap_index = 13178, .adv_w = 179, .box_w = 11, .box_h = 13, .ofs_x = 0, .ofs_y = 0},
    {.bitmap_index = 13250, .adv_w = 148, .box_w = 8, .box_h = 16, .ofs_x = 1, .ofs_y = 0},
    {.bitmap_index = 13314, .adv_w = 179, .box_w = 11, .box_h = 13, .ofs_x = 0, .ofs_y = 0},
    {.bitmap_index = 13386, .adv_w = 148, .box_w = 8, .box_h = 16, .ofs_x = 1, .ofs_y = 0},
    {.bitmap_index = 13450, .adv_w = 179, .box_w = 11, .box_h = 13, .ofs_x = 0, .ofs_y = 0},
    {.bitmap_index = 13522, .adv_w = 148, .box_w = 8, .box_h = 18, .ofs_x = 1, .ofs_y = -5},
    {.bitmap_index = 13594, .adv_w = 179, .box_w = 11, .box_h = 14, .ofs_x = 0, .ofs_y = -4},
    {.bitmap_index = 13671, .adv_w = 148, .box_w = 8, .box_h = 17, .ofs_x = 1, .ofs_y = 0},
    {.bitmap_index = 13739, .adv_w = 179, .box_w = 11, .box_h = 14, .ofs_x = 0, .ofs_y = 0},
    {.bitmap_index = 13816, .adv_w = 224, .box_w = 14, .box_h = 16, .ofs_x = 0, .ofs_y = 0},
    {.bitmap_index = 13928, .adv_w = 195, .box_w = 11, .box_h = 18, .ofs_x = 0, .ofs_y = -5},
    {.bitmap_index = 14027, .adv_w = 224, .box_w = 14, .box_h = 16, .ofs_x = 0, .ofs_y = 0},
    {.bitmap_index = 14139, .adv_w = 195, .box_w = 11, .box_h = 18, .ofs_x = 0, .ofs_y = -5},
    {.bitmap_index = 14238, .adv_w = 224, .box_w = 14, .box_h = 18, .ofs_x = 0, .ofs_y = -5},
    {.bitmap_index = 14364, .adv_w = 195, .box_w = 11, .box_h = 19, .ofs_x = 0, .ofs_y = -5},
    {.bitmap_index = 14469, .adv_w = 71, .box_w = 7, .box_h = 15, .ofs_x = -1, .ofs_y = 0},
    {.bitmap_index = 14522, .adv_w = 71, .box_w = 7, .box_h = 13, .ofs_x = -1, .ofs_y = 0},
    {.bitmap_index = 14568, .adv_w = 71, .box_w = 7, .box_h = 16, .ofs_x = -1, .ofs_y = 0},
    {.bitmap_index = 14624, .adv_w = 71, .box_w = 7, .box_h = 13, .ofs_x = -1, .ofs_y = 0},
    {.bitmap_index = 14670, .adv_w = 71, .box_w = 6, .box_h = 16, .ofs_x = -1, .ofs_y = 0},
    {.bitmap_index = 14718, .adv_w = 71, .box_w = 6, .box_h = 13, .ofs_x = -1, .ofs_y = 0},
    {.bitmap_index = 14757, .adv_w = 71, .box_w = 5, .box_h = 17, .ofs_x = -1, .ofs_y = -4},
    {.bitmap_index = 14800, .adv_w = 71, .box_w = 5, .box_h = 17, .ofs_x = -1, .ofs_y = -4},
    {.bitmap_index = 14843, .adv_w = 71, .box_w = 3, .box_h = 16, .ofs_x = 1, .ofs_y = 0},
    {.bitmap_index = 14867, .adv_w = 71, .box_w = 3, .box_h = 10, .ofs_x = 1, .ofs_y = 0},
    {.bitmap_index = 14882, .adv_w = 173, .box_w = 10, .box_h = 18, .ofs_x = 1, .ofs_y = -5},
    {.bitmap_index = 14972, .adv_w = 148, .box_w = 9, .box_h = 18, .ofs_x = 1, .ofs_y = -5},
    {.bitmap_index = 15053, .adv_w = 124, .box_w = 7, .box_h = 18, .ofs_x = 1, .ofs_y = 0},
    {.bitmap_index = 15116, .adv_w = 71, .box_w = 4, .box_h = 18, .ofs_x = 0, .ofs_y = 0},
    {.bitmap_index = 15152, .adv_w = 124, .box_w = 7, .box_h = 18, .ofs_x = 1, .ofs_y = -5},
    {.bitmap_index = 15215, .adv_w = 71, .box_w = 3, .box_h = 18, .ofs_x = 1, .ofs_y = -5},
    {.bitmap_index = 15242, .adv_w = 128, .box_w = 7, .box_h = 13, .ofs_x = 1, .ofs_y = 0},
    {.bitmap_index = 15288, .adv_w = 106, .box_w = 6, .box_h = 13, .ofs_x = 1, .ofs_y = 0},
    {.bitmap_index = 15327, .adv_w = 124, .box_w = 7, .box_h = 13, .ofs_x = 1, .ofs_y = 0},
    {.bitmap_index = 15373, .adv_w = 85, .box_w = 5, .box_h = 13, .ofs_x = 1, .ofs_y = 0},
    {.bitmap_index = 15406, .adv_w = 126, .box_w = 8, .box_h = 13, .ofs_x = 0, .ofs_y = 0},
    {.bitmap_index = 15458, .adv_w = 72, .box_w = 5, .box_h = 13, .ofs_x = 0, .ofs_y = 0},
    {.bitmap_index = 15491, .adv_w = 202, .box_w = 11, .box_h = 18, .ofs_x = 1, .ofs_y = 0},
    {.bitmap_index = 15590, .adv_w = 184, .box_w = 10, .box_h = 15, .ofs_x = 1, .ofs_y = 0},
    {.bitmap_index = 15665, .adv_w = 202, .box_w = 11, .box_h = 18, .ofs_x = 1, .ofs_y = -5},
    {.bitmap_index = 15764, .adv_w = 184, .box_w = 10, .box_h = 15, .ofs_x = 1, .ofs_y = -5},
    {.bitmap_index = 15839, .adv_w = 202, .box_w = 11, .box_h = 17, .ofs_x = 1, .ofs_y = 0},
    {.bitmap_index = 15933, .adv_w = 184, .box_w = 10, .box_h = 14, .ofs_x = 1, .ofs_y = 0},
    {.bitmap_index = 16003, .adv_w = 226, .box_w = 14, .box_h = 16, .ofs_x = 0, .ofs_y = 0},
    {.bitmap_index = 16115, .adv_w = 184, .box_w = 11, .box_h = 13, .ofs_x = 0, .ofs_y = 0},
    {.bitmap_index = 16187, .adv_w = 226, .box_w = 14, .box_h = 16, .ofs_x = 0, .ofs_y = 0},
    {.bitmap_index = 16299, .adv_w = 184, .box_w = 11, .box_h = 13, .ofs_x = 0, .ofs_y = 0},
    {.bitmap_index = 16371, .adv_w = 226, .box_w = 14, .box_h = 17, .ofs_x = 0, .ofs_y = 0},
    {.bitmap_index = 16490, .adv_w = 184, .box_w = 11, .box_h = 13, .ofs_x = 0, .ofs_y = 0},
    {.bitmap_index = 16562, .adv_w = 313, .box_w = 19, .box_h = 13, .ofs_x = 0, .ofs_y = 0},
    {.bitmap_index = 16686, .adv_w = 311, .box_w = 19, .box_h = 10, .ofs_x = 0, .ofs_y = 0},
    {.bitmap_index = 16781, .adv_w = 175, .box_w = 9, .box_h = 18, .ofs_x = 1, .ofs_y = 0},
    {.bitmap_index = 16862, .adv_w = 107, .box_w = 6, .box_h = 15, .ofs_x = 1, .ofs_y = 0},
    {.bitmap_index = 16907, .adv_w = 175, .box_w = 9, .box_h = 18, .ofs_x = 1, .ofs_y = -5},
    {.bitmap_index = 16988, .adv_w = 107, .box_w = 6, .box_h = 15, .ofs_x = 1, .ofs_y = -5},
    {.bitmap_index = 17033, .adv_w = 175, .box_w = 9, .box_h = 17, .ofs_x = 1, .ofs_y = 0},
    {.bitmap_index = 17110, .adv_w = 107, .box_w = 6, .box_h = 14, .ofs_x = 1, .ofs_y = 0},
    {.bitmap_index = 17152, .adv_w = 169, .box_w = 9, .box_h = 18, .ofs_x = 1, .ofs_y = 0},
    {.bitmap_index = 17233, .adv_w = 150, .box_w = 9, .box_h = 15, .ofs_x = 0, .ofs_y = 0},
    {.bitmap_index = 17301, .adv_w = 169, .box_w = 9, .box_h = 18, .ofs_x = 1, .ofs_y = -5},
    {.bitmap_index = 17382, .adv_w = 150, .box_w = 9, .box_h = 15, .ofs_x = 0, .ofs_y = -5},
    {.bitmap_index = 17450, .adv_w = 169, .box_w = 9, .box_h = 17, .ofs_x = 1, .ofs_y = 0},
    {.bitmap_index = 17527, .adv_w = 150, .box_w = 9, .box_h = 14, .ofs_x = 0, .ofs_y = 0},
    {.bitmap_index = 17590, .adv_w = 156, .box_w = 10, .box_h = 18, .ofs_x = 0, .ofs_y = -5},
    {.bitmap_index = 17680, .adv_w = 105, .box_w = 7, .box_h = 18, .ofs_x = 0, .ofs_y = -5},
    {.bitmap_index = 17743, .adv_w = 156, .box_w = 10, .box_h = 17, .ofs_x = 0, .ofs_y = 0},
    {.bitmap_index = 17828, .adv_w = 106, .box_w = 7, .box_h = 14, .ofs_x = 0, .ofs_y = 0},
    {.bitmap_index = 17877, .adv_w = 194, .box_w = 10, .box_h = 16, .ofs_x = 1, .ofs_y = 0},
    {.bitmap_index = 17957, .adv_w = 184, .box_w = 10, .box_h = 13, .ofs_x = 1, .ofs_y = 0},
    {.bitmap_index = 18022, .adv_w = 194, .box_w = 10, .box_h = 16, .ofs_x = 1, .ofs_y = 0},
    {.bitmap_index = 18102, .adv_w = 184, .box_w = 10, .box_h = 13, .ofs_x = 1, .ofs_y = 0},
    {.bitmap_index = 18167, .adv_w = 194, .box_w = 10, .box_h = 16, .ofs_x = 1, .ofs_y = 0},
    {.bitmap_index = 18247, .adv_w = 184, .box_w = 10, .box_h = 13, .ofs_x = 1, .ofs_y = 0},
    {.bitmap_index = 18312, .adv_w = 194, .box_w = 10, .box_h = 17, .ofs_x = 1, .ofs_y = 0},
    {.bitmap_index = 18397, .adv_w = 184, .box_w = 10, .box_h = 15, .ofs_x = 1, .ofs_y = 0},
    {.bitmap_index = 18472, .adv_w = 194, .box_w = 10, .box_h = 17, .ofs_x = 1, .ofs_y = 0},
    {.bitmap_index = 18557, .adv_w = 184, .box_w = 10, .box_h = 13, .ofs_x = 1, .ofs_y = 0},
    {.bitmap_index = 18622, .adv_w = 194, .box_w = 10, .box_h = 17, .ofs_x = 1, .ofs_y = -4},
    {.bitmap_index = 18707, .adv_w = 184, .box_w = 10, .box_h = 14, .ofs_x = 1, .ofs_y = -4},
    {.bitmap_index = 18777, .adv_w = 281, .box_w = 18, .box_h = 17, .ofs_x = 0, .ofs_y = 0},
    {.bitmap_index = 18930, .adv_w = 236, .box_w = 15, .box_h = 14, .ofs_x = 0, .ofs_y = 0},
    {.bitmap_index = 19035, .adv_w = 168, .box_w = 11, .box_h = 17, .ofs_x = 0, .ofs_y = 0},
    {.bitmap_index = 19129, .adv_w = 162, .box_w = 10, .box_h = 19, .ofs_x = 0, .ofs_y = -5},
    {.bitmap_index = 19224, .adv_w = 168, .box_w = 11, .box_h = 16, .ofs_x = 0, .ofs_y = 0},
    {.bitmap_index = 19312, .adv_w = 156, .box_w = 9, .box_h = 18, .ofs_x = 0, .ofs_y = 0},
    {.bitmap_index = 19393, .adv_w = 131, .box_w = 8, .box_h = 15, .ofs_x = 0, .ofs_y = 0},
    {.bitmap_index = 19453, .adv_w = 156, .box_w = 9, .box_h = 16, .ofs_x = 0, .ofs_y = 0},
    {.bitmap_index = 19525, .adv_w = 131, .box_w = 8, .box_h = 13, .ofs_x = 0, .ofs_y = 0},
    {.bitmap_index = 19577, .adv_w = 156, .box_w = 9, .box_h = 17, .ofs_x = 0, .ofs_y = 0},
    {.bitmap_index = 19654, .adv_w = 131, .box_w = 8, .box_h = 14, .ofs_x = 0, .ofs_y = 0},
    {.bitmap_index = 19710, .adv_w = 226, .box_w = 13, .box_h = 13, .ofs_x = 1, .ofs_y = 0},
    {.bitmap_index = 19795, .adv_w = 96, .box_w = 7, .box_h = 17, .ofs_x = -1, .ofs_y = -4},
    {.bitmap_index = 19855, .adv_w = 259, .box_w = 16, .box_h = 18, .ofs_x = 0, .ofs_y = 0},
    {.bitmap_index = 19999, .adv_w = 317, .box_w = 19, .box_h = 15, .ofs_x = 0, .ofs_y = 0},
    {.bitmap_index = 20142, .adv_w = 169, .box_w = 9, .box_h = 18, .ofs_x = 1, .ofs_y = -5},
    {.bitmap_index = 20223, .adv_w = 150, .box_w = 9, .box_h = 15, .ofs_x = 0, .ofs_y = -5},
    {.bitmap_index = 20291, .adv_w = 156, .box_w = 10, .box_h = 18, .ofs_x = 0, .ofs_y = -5},
    {.bitmap_index = 20381, .adv_w = 105, .box_w = 6, .box_h = 18, .ofs_x = 0, .ofs_y = -5}
};

/*---------------------
 *  CHARACTER MAPPING
 *--------------------*/

static const uint8_t glyph_id_ofs_list_3[] = {
    0, 1, 2, 3, 4, 5, 0, 0,
    0, 0, 6, 7, 8, 9, 10, 11,
    12, 13, 14, 15, 0, 0, 0, 0,
    16, 17, 0, 18, 19, 20, 21, 22,
    23, 24, 25, 26, 27, 28, 29, 30,
    31, 32, 33, 0, 0, 0, 34, 35,
    36, 37, 38, 39, 40, 41, 42, 43,
    44, 45, 46, 47, 48, 49, 0, 0,
    50, 51, 52, 53, 54, 55, 56, 57
};

static const uint16_t unicode_list_5[] = {
    0x0, 0x3, 0x6d, 0x6e, 0x89, 0x8a, 0x8b, 0x8c
};

/*Collect the unicode lists and glyph_id offsets*/
static const lv_font_fmt_txt_cmap_t cmaps[] =
{
    {
        .range_start = 32, .range_length = 95, .glyph_id_start = 1,
        .unicode_list = NULL, .glyph_id_ofs_list = NULL, .list_length = 0, .type = LV_FONT_FMT_TXT_CMAP_FORMAT0_TINY
    },
    {
        .range_start = 160, .range_length = 104, .glyph_id_start = 96,
        .unicode_list = NULL, .glyph_id_ofs_list = NULL, .list_length = 0, .type = LV_FONT_FMT_TXT_CMAP_FORMAT0_TINY
    },
    {
        .range_start = 266, .range_length = 18, .glyph_id_start = 200,
        .unicode_list = NULL, .glyph_id_ofs_list = NULL, .list_length = 0, .type = LV_FONT_FMT_TXT_CMAP_FORMAT0_TINY
    },
    {
        .range_start = 286, .range_length = 72, .glyph_id_start = 218,
        .unicode_list = NULL, .glyph_id_ofs_list = glyph_id_ofs_list_3, .list_length = 72, .type = LV_FONT_FMT_TXT_CMAP_FORMAT0_FULL
    },
    {
        .range_start = 360, .range_length = 23, .glyph_id_start = 276,
        .unicode_list = NULL, .glyph_id_ofs_list = NULL, .list_length = 0, .type = LV_FONT_FMT_TXT_CMAP_FORMAT0_TINY
    },
    {
        .range_start = 399, .range_length = 141, .glyph_id_start = 299,
        .unicode_list = unicode_list_5, .glyph_id_ofs_list = NULL, .list_length = 8, .type = LV_FONT_FMT_TXT_CMAP_SPARSE_TINY
    }
};



/*--------------------
 *  ALL CUSTOM DATA
 *--------------------*/

#if LVGL_VERSION_MAJOR == 8
/*Store all the custom data of the font*/
static  lv_font_fmt_txt_glyph_cache_t cache;
#endif

#if LVGL_VERSION_MAJOR >= 8
static const lv_font_fmt_txt_dsc_t font_dsc = {
#else
static lv_font_fmt_txt_dsc_t font_dsc = {
#endif
    .glyph_bitmap = glyph_bitmap,
    .glyph_dsc = glyph_dsc,
    .cmaps = cmaps,
    .kern_dsc = NULL,
    .kern_scale = 0,
    .cmap_num = 6,
    .bpp = 4,
    .kern_classes = 0,
    .bitmap_format = 0,
#if LVGL_VERSION_MAJOR == 8
    .cache = &cache
#endif
};



/*-----------------
 *  PUBLIC FONT
 *----------------*/

/*Initialize a public general font descriptor*/
#if LVGL_VERSION_MAJOR >= 8
const lv_font_t ui_font_Poppins_Regular_18 = {
#else
lv_font_t ui_font_Poppins_Regular_18 = {
#endif
    .get_glyph_dsc = lv_font_get_glyph_dsc_fmt_txt,    /*Function pointer to get glyph's data*/
    .get_glyph_bitmap = lv_font_get_bitmap_fmt_txt,    /*Function pointer to get glyph's bitmap*/
    .line_height = 24,          /*The maximum line height required by the font*/
    .base_line = 6,             /*Baseline measured from the bottom of the line*/
#if !(LVGL_VERSION_MAJOR == 6 && LVGL_VERSION_MINOR == 0)
    .subpx = LV_FONT_SUBPX_NONE,
#endif
#if LV_VERSION_CHECK(7, 4, 0) || LVGL_VERSION_MAJOR >= 8
    .underline_position = -1,
    .underline_thickness = 1,
#endif
    .dsc = &font_dsc,          /*The custom font data. Will be accessed by `get_glyph_bitmap/dsc` */
#if LV_VERSION_CHECK(8, 2, 0) || LVGL_VERSION_MAJOR >= 9
    .fallback = NULL,
#endif
    .user_data = NULL,
};



#endif /*#if UI_FONT_POPPINS_REGULAR_18*/

